count,Headers,
2994,Lodging Houses,
2991,Variety Stores,
2783,Barbers,
2617,Restaurants & Lunch Rooms,
2496,Liquors-Retail,
2214,Physicians & Surgeons,
2125,Shoe Repairers,
2110,LAW OFFICES,
2036,"Law Books, Lawyers",
2006,Nurses,
1957,Music Teachers,
1927,Dentists,
1855,Clergyme,
1789,RESTAURANTS,
1780,Beauty Shops,
1627,BARBER SHOPS,
1551,BEAUTY SHOPS,
1526,CLERGYMEN,
1511,Lawyers,
1509,Clubs,
1381,Law Offices,
1270,Insurance Agents,
1266,Apartment Buildings,
1226,REAL ESTATE,
1212,Painters & Decorators,
1175,GASOLINE STATIONS,
1133,Gasoline & Oil Service Stations,
1101,Plumbers,
1063,Grocers-Retail,
1036,Liquor Dealers-Retail,
988,Bakers-Retail,
982,LAWYERS,
965,BEAUTY SHOPS,
937,RESTAURANTS,
896,Gasoline & Oil Service Stations,
873,DENTISTS,
855,Barber Shops,
845,DEALERS,
840,TURERS,
838,Restaurants,
829,Meats-Retail,
817,INSURANCE AGENTS,
806,Automobile Repairing,
781,Druggists-Retail,
736,PHYSICIANS AND SURGEONS,
736,Dry Goods-Retail,
734,Dressmakers,
733,Beauty Shops,
727,Real Estate,
726,REAL ESTATE,
723,VARIETY STORES,
687,INSURANCE COMPANIES,
680,CLOTHING-RETAIL,
679,BUILDINGS-OFFICE AND PUBLIC,
671,Printers-Book & Commercial,
652,Grocers-Retail ,
630,Grocers-Retall ,
628,APARTMENT BUILDINGS,
628,Grocers-Retail,
627,Shoe Dealers-Retail,
625,Laundries,
618,NURSES,
602,BUILDINGS-OFFICE AND PUBLIC,
584,Insurance Companies,
569,CLUBS,
567,DENTISTS,
553,Grocers-Retail ,
550,Grocers-Retail ,
539,JEWELERS-MANUFACTURING,
536,Grocers-Retail ,
528,Trucking & Teaming,
523,Tailors-Merchant,
520,,
513,jewelERS-MFG,
510,LODGING HOUSES,
501,MUSIC TEACHERS,
500,Gasoline Stations,
498,PHYSICIANS AND SURGEONS-M.D.,
496,Fruit Dealers-Retail,
496,,
491,JEWELRY MANUFACTURERS,
490,Optometrists,
489,Law Books Lawyers,
488,Grocers-Retail ,
488,Japanners Jewelers-Mfg,
485,Law Books Law Offices,
479,Automobile Parking,
476,,
472,PHYSICIANS and SURGEONS-M D,
470,Buildings-Office & Public,
468,"Schools, Colleges & Academies",
465,OPTOMETRISTS,
460,PHYSICIANS and SURGEONS ,
460,Physicians & Surgeons .,
457,TAVERNS,
454,Funeral Directors ,
454,FUNERAL DIRECTORS,
448,Physicians and Surgeons-MD,
446,DRUGGISTS-RETAIL,
443,Real Estate,
434,BUILDINGS-OFFICE and PUBLIC,
433,MD,
430,Electrical Contractors,
427,CHURCHES,
425,Investment Securities ,
423,SHOE REPAIRERS,
423,PLATERS,
415,CLEANERS and DYERS,
415,Real Estate ,
414,Automobile Dealers-Used Cars,
407,Sheet Metal Workers,
406,Automobile Garages,
405,Physicians & Surgeons ,
403,Furniture Dealers-Retail,
399,FINANCE COMPANIES,
398,,
398,Lodging Houses,
396,Nurserymen - Nurses,
393,Novelties-Mirs,
389,Physicians & Surgeons ,
388,Nurserymen - Nurses,
387,Physicians & Surgeons  ,
386,Physicians and Surgeons,
386,BARBER SHOPS,
385,SERVICE,
383,INSURANCE,
382,Milliners,
378,INLAND MARINE,
377,Barbers,
375,Accountants & Auditors,
373,Architects,
372,APARTMENTS AND TOWN HOUSES,
370,CLERGYMEN,
370,Cleaners and Dyers,
368,Tool Mfrs,
364,Tailors-Merchant ,
363,Upholsterers ,
360,K1 Lodging Houses,
360,GASOLINE STATIONS,
357,Nurses,
355,AUTOMOBILE BODY REPAIRERS,
355,LIQUOR DEALERS-RETAIL,
354,PHYSICIANS and SURGEONS-MD. ,
353,JEWELERS- MANUFACTURING,
351,Loans-Mortgage,
351,CONTRACTORS- CARPENTER,
350,GROCERIES and MEATS-RETAIL,
349,Jewelry Mfrs,
349,JEWELERS-MFG,
347,AUTOMOBILE PARKING,
347,STONES,
346,JEWELERS-MANUFACTURING,
345,JEWELRY MFRS,
343,Names,
340,ARTISTS,
340,CLEANERS AND DYERS,
340,Photographers,
340,,
337,,
335,,
334,LAW OFFICES,
326,PHYSICIANS AND SURGEONS-M. D.,
325,TAVERNS,
323,Libraries,
321,Buildings-Otfice and Public,
321,Personal Loans,
320,Jewelers-Mfg,
312,Tire Dealers & Repairers,
312,ARCHITECTS,
310,GROCERIES AND MEATS- RETAIL,
308,AUTOMOBILE REPAIRING,
304,Insurance Rating Bureaus,
303,Oils & Lubricants-Dealers,
303,Expressing & Moving ,
302,Dresses Dressmakers,
301,Grinding Wheel Supplies,
298,PHYSICIANS & SURGEONS M. D.,
297,HALLS,
296,Japanners  Jewelers-Mfg,
295,,
294,JEWELERS -MANUFACTURING,
294,,
293,Ice Cream Mfrs,
292,Weybosset,
287,AUTOMOBILE DEALERS,
286,CONTRACTORS-BUILDING-GENERAL,
286,Restaurants & Lunch Rooms,
285,AUTOMOBILE DEALERS-USED CARS,
285,Furniture Dealers-Retall,
284,PHYSICIANS AND SURGEONS-MD,
278,Ice Dealers,
277,APARTMENTS AND TOWN HOUSE,
277,BAKERS-RETAIL,
276,FURNISHED ROOMS,
273,Nurses-Graduate,
273,JEWELERS,
271,Office Supplies & Equipment,
270,CONTRACTORS-PLUMBING,
269,"Cleaners-Garments, Curtains & Draperies",
266,SUPPLIES-DEALERS,
265,Grocers-Retail ,
264,FLORISTS-RETAIL,
264,TRUCKING,
264,Fish Dealers-Retail,
263,REAL ESTATE ,
262,MEATS-RETAIL,
262,SALARY,
262,LAUNDRIES,
261,FRUIT DEALERS-RETAIL,
259,PHOTOGRAPHERS,
259,GIFT SHOPS,
258,Jewelers,
258,INSURANCE,
257,Radio Sets & Supplies-Retail,
256,TOOL MANUFACTURERS,
253,Labor Organizations,
252,Liquors-Retall,
252,MANUFACTURERS,
252,Bakers-Retall,
251,Nurses-Graduate,
251,DRY GOODS-RETAIL,
247,Chiropodists,
247,Buildmgs-Offlce & Public,
247,BUILDING WRECKERS,
247,MONUMENTS,
246,CLUBS,
246,Buildings-Offlce & Public,
244,Goal Dealers-Retail,
243,Machinery Mfrs,
243,Gwollne & Oil Service Stations,
243,Dental Laboratories,
242,DRESSMAKERS,
242,Beauty Shops,
240,TAILORS,
240,Painters and Decorators,
239,Finance Companies,
238,LAW OFFICES,
237,AUTOMOBILE REPAIRING,
237,NUMBMATISTS,
235,Societies,
234,ADVERTISING AGENCIES,
234,Real Estate ,
233,Clubs-Social,
233,CANS AND PAILS,
232,Hairdressers Halls,
232,ING,
232,DECORATING,
232,Buildings-Office & Public,
231,Buildinqs-Office and Public,
231,Bulldings-Office & Public,
230,ARTISTS-COMMERCIAL,
230,Tailors-Merchant,
229,Bulldings-Ofiice & Public,
227,Buildings-Ofiice & Public,
226,JEWELERS-MFG,
223,CONVENTS,
223,Buildings-Otfice & Public,
222,Real Estate,
222,Clergymen,
222,Hardware Dealers-Retail,
221,CONSULTANTS,
220,Clergymen,
220,Contractors-Building-General,
220,Linoleums & Floor Coverings,
220,REAL ESTATE,
218,Cleaners,
218,Land Companies,
216,Osteopathic Physicians,
216,SCHOOLS-PAROCHIAL,
216,,
215,ORGANIZATIONS- MISCELLANEOUS ,
215,SHOE DEALERS-RETAIL,
214,DESIGNERS,
214,Beauty ShOps,
211,Glergyme,
211,JEWELRY MANUFACTURERS,
210,Artists,
210,GROCERIES and MEATS,
209,Physicians & Surgeons ,
209,Chestnut,
208,BEER-RETAIL,
208,BEER-RETAIL,
208,Real Estate,
207,FURNITURE DEALERS-RETAIL,
207,NURSES-GRADUATE,
207,PARKS AND PLAYGROUNDS,
206,LANDSCAPE GARDENERS,
202,AUTOMOBILE DEALERS- USED CARS,
202,Tailors-Merchant ,
202,Japanners Jewelers,
201,RETAIL,
200,Grocers-Wholesale,
200,Machinists,
198,MANUFACTURERS,
197,CATERERS,
197,UPHOLSTERERS,
197,Milk Dealers,
195,Plorists-Retail,
195,Oil Burners & Oil Burning Equipment,
194,ELECTRICAL EQUIPMENT AND SUPPLIES,
194,Antiques,
193,Christian Science Practitioners,
192,Nurses,
192,Automobile Repairing ,
191,FUEL and RANGE OIL,
191,BAKED GOODS-RETAIL,
190,,
189,Jewelers-Mfg,
187,Roofers,
187,Jeweler's Findings,
187,JEWELRY MFRS,
186,Building Materials & Supplies,
186,Delicatesse,
186,Sign Painters & Mfrs,
186,CONTRACTORS-PAINTING AND DECORATING,
186,CONTRACTORS-MASON,
185,Tailors & Merchant,
185,Japanners jewelers--Mfg,
185,DENTISTS,
185,JEWELERS-RETAIL,
185,,
183,Opticians,
183,PHYSICIANS AND SURGEONS-MD. ,
183,LINENS-RETAIL,
183,ORGANIZATIONS- MISCELLANEOUS,
182,CONTRACTORS-BUILDING- GENERAL ,
182,BROKERS,
182,Real Estate,
182,Japanners jewelers,
182,RESTAURANTS,
181,ENAMELERS,
181,GRINDING WHEELS MANUFACTURERS,
180,Law Books Law Offices,
180,Platers ,
180,Insurance Companies,
179,Coal Dealers-Retail,
178,,
178,CLOTHING-RETAIL,
178,RETAURANTS,
178,ORGANIZATIONS-LABOR,
177,Lumber-Retail,
177,,
176,CONTRACTORS- ELECTRICAL,
176,,
176,FUEL AND RANGE OIL,
175,LABORATORIES,
175,CONTRACTORS-PAINTING and DECORATING,
175,,
174,APARTMENTS AND TOWN HOUSES,
174,INC,
174,STORERS,
173,APARTMENT BUILDINGS,
173,,
173,GROCERIES AND MEATS-RETAIL,
172,Fur Dealers & Furriers,
171,Hotels,
171,GASOLINE STATIONS,
171,JEWELRY MANUFACTURERS,
170,,
170,Ironing Machines,
168,Cleaners and Dryers,
168,LIQUOR AND WINES-RETAIL,
167,Insurance Brokers,
167,,
167,,
166,Druggists-Retail,
166,Tailors-Merchant,
165,Meats-Retail ,
165,ANTIQUES-DEALERS,
164,Tailors-Merchant ,
163,,
163,DECORATING,
163,DEPARTMENT STORES,
163,EMPLOYMENT AGENCIES,
162,REPAIRING,
162,Poultry Dealers-Retail,
162,Japanners jewelers-Mfg,
162,Die Makers,
161,DENTAL LABORATORIES,
161,CONTRACTORS- PAINTING and DECORATING,
161,Employment Agencies,
161,Druggists-Retall,
160,VARIETY ROMS ,
160,JEWELRY ENGRAVERS,
160,Nurses-Practical,
159,Malt & Hops,
158,ARTISTS,
158,News Dealers ,
158,SCHOOLS-PUBLIC,
158,CONSULTANTS,
158,LIQUOR and WlNES-RETAIL,
157,MANUFACTURERS AGENTS,
157,PHYSICIANS AND SURGEONS-MD.,
157,INSURANCE COMPANIES,
156,,
156,jewelry MFRS,
154,Druggists-Retail,
151,Massage,
151,,
150,CITY DIRECTORY PUBLISHERS,
150,Meats--Retail,
150,CLERGY,
149,CONTRACTORS- PAINTING AND DECORATING,
149,JUNK DEALERS,
148,THEATRES,
148,,
148,HARDWARE DEALERS-RETAIL,
147,Meats-Retail ,
146,LAW OFFICES,
145,PHYSICIANS AND SURGEONS-MD,
144,Heating Apparatus & Appliances,
144,Druggists-Retail,
143,CLOTHING-RETAIL,
143,"Paint, Oil & Varnish Dealers-Retail",
143,Cabinet Makers,
142,,
142,Plumbing Supplies-Dealers,
142,Chiropractic Physicians,
142,Funeral Directors ,
141,Gontractors-Building-General,
140,RADIO AND TELEVISlON,
140,SCHOOLS AND COLLEGES,
140,PUBLISHERS,
140,Automobile Accessories & Parts -Retail,
139,Contracters-Building- General,
139,JEWELRY BURNISHERS,
139,Taxicab Service,
138,Shoe Shiners,
138,SHEET METAL WORKERS,
137,LAUNDRIES-SELF SERVE,
136,AUTOMOBILE REPAIRING,
136,ACCOUNTANTS-PUBLIC,
136,,
136,Dresses Dressmakers,
135,Chemical Mfrs,
134,PRINTERS-BOOK AND COMMERCIAL,
134,CHURCHES,
133,Machinery Dealers,
133,ACCOUNTANTS-PUBLIC,
132,Contractors-Building-General,
132,,
131,LIQUOR and WINES-RETAIL,
131,LIBRARIES,
131,CONTRACTORS-PAINTING AND DECORATING,
131,PODIATRISTS,
131,Meats--Retail,
130,,
130,Junk Dealers,
130,"ORGANIZATIONS-BUSINESS, CIVIC AND PROFESSIONAL",
130,Automobile Accessories & Parts-Retall,
129,Charitable Institutions,
129,CLOTHING RENTAL,
129,LODGING HOUSE,
129,Dresses Dressmakers,
129,,
128,PRINTERS-BOOK AND COMMERCIAL ,
128,Contractors-Maso,
128,Battery Dealers & Service,
127,Produce Dealers-Wholesale,
127,Dye Stuffs,
127,Musical Instrument Dealers,
127,GROCERIES AND MEATS-RETAIL ,
127,DAIRY PRODUCTS-RETAIL,
127,CONTRACTORS- BUILDlNG-GENERAL ,
127,Bakers-Wholesale,
126,Bottlers-Carbonated Beverages,
126,,
126,,
126,BUILDINGS-OFFICE AND PUBLIC ,
126,Laundries-Chinese,
125,CONTRACTORS- PAINTING AND,
125,Automobile Dealers,
125,CIVIC AND PROFESSIONAL,
124,APARTMENT BUILDINGS,
124,Fruit Dealers-Wholesale & Brokers,
124,PHYSICIANS AND SURGEONS-M.D.,
123,Contractors-Building-General,
123,Minister,
123,CHIROPRACTORS,
123,CABINET MAKERS,
123,Novelties-Mfrs,
122,Jewelers' Supplies,
122,REAL ESTATE OWNERS AND DEALERS,
122,ACCOUNTANTS-PUBLIC,
121,ANTIQUES-DEALERS AND RESTORERS,
121,VARIETY STORES,
121,GASOLINE STATIONS,
121,Advertising Agencies,
121,Monumental Works,
120,Brokers-Money,
120,Liquors-Wholesale,
120,NEWS DEALERS,
120,Mill Engineers-Mill Supplies,
120,JEWELERS-MFG,
119,PHYSICIANS AND SURGEONS MD. ,
119,ACCOUNTANTS-PUBLIC,
119,REAL ESTATE,
118,AUTOMOBILE ACCESSORIES AND PARTS-RETAIL,
118,,
118,Automobile Insurance,
118,Mattress Mfrs ,
118,CLEANERS AND DRYERS,
117,Tool Manufacturers,
117,Office Supplies and Equipment,
117,MACHINISTS,
116,Chiropractors,
116,,
116,CLOTHING - RETAIL,
116,Mill Supplies,
115,PUBLIC,
115,MEATS-WHOLESALE,
115,,
115,CLINICS,
115,INVESTMENT COMPANIES,
115,PARTS MANUFACTURERS,
115,AUTHORS AND COMPOSERS,
114,,
114,UPSET FORGINGS,
114,APARTMENT BUILDINGS,
114,Automobile Dealers-Passenger Cars,
114,GENERAL MERCHANDISE- RETAIL,
114,SHIRT MANUFACTURERS,
114,Oils and Lubricants-Dealers,
113,Electrical Equipment and Supplies-Dealers,
113,GASOLINE STATIONS,
113,Dancing Academies & Teachers,
112,PAN lES,
112,Trucking ,
112,INFANTS- RETAIL,
112,Textile Mfrs,
111,IMPORTERS,
111,Meats-Retail,
111,PLUMBING OIL BURNER ,
111,LAWYERS,
111,SUPPLIES AND EQUIPMENT,
111,Contractors-Building & General,
111,Toys & Games-Retail,
110,Contractors-Building-General,
110,AND EARTHENWARE WHOLESALE,
110,Contractors-Building-General,
110,Bus & Coach Lines-Motor,
110,DIE MAKERS,
110,Jewelers-Retall,
110,Cigars & Tobacco-Retail,
109,SCHOOLS- PUBLIC,
109,CREDIT UNIONS,
109,METAL DEALERS,
109,BOOKS-RETAIL,
109,GREETING CARDS,
109,"Publishers-Book, Newspaper & Periodical",
108,SLITTING,
108,Insurance Agents,
108,LODGING HOUSES,
108,Church Goods,
108,Paper Dealers-Print & Wrapping,
108,,
108,Radio Sets and Supplies-Retall,
108,SCHOOLS-PUBLIC,
107,,
107,Organizations-Business,
107,,
107,Carpenters-Job ,
107,RADIO and TELEVISION SETS- SALES and SERVICE,
107,CLERGYMEN,
107,Street Railway Companies,
106,Junk Dealers,
106,Automobile Repairing,
106,HEARING AIDS,
105,DRUGGISTS -RETAIL,
105,DRUGGISTS- RETAIL,
105,Upholsterers,
105,Dresses Dressmakers,
104,ENGRAVERS-JEWELRY,
103,Sand & Gravel Dealers,
103,,
103,,
103,,
103,,
103,OPTICIANS-RETAIL,
103,GROCERIES AND MEATS- RETAIL ,
103,,
103,,
102,Bakers-Retail,
102,Insurance Companies,
102,TRUCKING,
102,TAVERNS,
102,DRUGGISTS- RETAIL,
102,CLEANERS AND DYERS,
101,Hairdressers Halls,
101,Plorists-Retall,
101,Convents,
101,jewelERS,
101,JEWELERS BINDINGS,
101,ART GALLERIES,
101,Bowling Alleys ,
100,,
100,CONTRACTORS-PAINTING AND DECORATING,
100,,
100,SHOE REPAIRERS,
100,Curtains & Draperies,
100,SHOE REPAIRERS,
100,BEAUTY SHOPS,
99,LAW OFFICB,
99,Contractors-Building-General,
99,BAKED GOODS-RETAIL,
99,Department Stores,
99,Bakers-Retail,
99,CHURCH GOODS,
99,Hardware Dealers-Retall,
98,Furniture Dealers-Second Hand,
98,Booksellers,
98,Homes & Asylums,
98,Printers-Book and Commercial,
98,Billiard & Pocket Billiard Rooms,
98,SCREW MACHINE PRODUCTS,
97,APARTMENTS AND TOWN HOUSE,
97,Metal Dealers,
97,CONTRACTORS -CARPENTER,
96,Halrdressers Halls,
96,Schools and Colleges,
96,DEALERS,
96,CONTRACTORS -PLUMBING,
96,CONTRACTORS- BUILDING- GENERAL,
96,Contractors-Building & General,
96,BUS LINES,
95,CONTRACTORS- PLUMBING,
95,Trucking & Teaming ,
95,LAWYERS ,
95,Locksmiths,
94,GROCERIES AND MEATS-RETAIL- ,
94,CLUBS,
94,Diamonds & Precious Stones,
93,Engravers-Jewelry,
93,CONTRACTORS-TILE,
93,Meats-Wholesale,
93,CONTRACTORS-ELECTRICAL,
93,ORGANIZATIONS-LABOR,
92,POULTRY DEALERS-RETAIL,
92,Pawnbrokers,
92,BANKS AND TRUST COMPANIES,
92,MACHINERY DEALERS,
92,Window Cleaners,
92,Brokers-Stocks & Bonds,
92,Screw Machine Products,
91,Artists-Commercial,
91,BURIAL,
91,GROCERIES AND MEATS-RETAIL ,
91,BAKED GOODS --RETAIL,
90,TIRE DEALERS AND REPAIRING,
90,CLOTHING- RETAIL,
90,INVESTMENT BANKERS,
89,Dry Goods-Retall,
89,TOOL MFRS AND DISTRIBUTORS,
89,PRINTERS-BOOK AND COMMERCIAL,
89,CONTRACTORS-BUILDING- GENERAL,
89,REBTAURANTS,
89,MANUFACTURERS OF LEAD,
89,Carpenters,
89,CASTING MFRS,
89,Contractors-Building- General,
89,Investment Bankers,
88,Associations & Clubs,
88,"Cleaners-Garments, Curtainls & Draperies",
88,,
88,WESTMINSTER MALL ,
88,NEWSPAPERS,
88,LAUNDRIES-SELF SERVE,
88,CONTRACTORS- CARPENTER,
88,jewelry BURNISHERS,
88,Building & Loan Associations,
88,CONTRACTORs-CARPENTER,
87,Poultry Dealers-Retall,
87,ELECTROLYTIC TREATMENT,
87,Clothing Dealers-Mews & Boys-Retail,
87,CONTRACTORS-BUILDING-GENERAL,
87,Jewelers-Wholesale & Import,
86,Goal Dealers-Retall,
86,jewelERS' SUPPLIES,
86,FURNITURE-RETAIL,
86,,
86,Corsetieres,
86,Barrel Dealers,
86,Milliners,
85,ELECTRICAL EQUIPMENT AND SUPPLIES-DEALERS,
85,CHURCHES,
85,VENDING MACHINES,
85,AND SUPPLIES,
85,Confectionery & Ice Cream- Retail ,
85,Platers,
85,Landscape Gardeners,
84,TAILORS- MERCHANT,
84,MACHINERY MANUFACTURERS,
84,AUTOMOBILE REPAIRING,
84,Baths,
84,ENGINEERS-CONSULTING,
84,HARDWARE-RETAIL,
84,Hospitals & Dispensaries,
84,,
84,,
83,"Gleaners-Garments, Curtains & Draperies",
83,AUTOMOBILE ACCESSORIES and PARTS-RETAIL,
83,Laundries-Chinese,
82,Electrical Equipment & Supplies -Dealers,
82,DRUGGISTS -RETAIL,
82,Printers-Book & Commercial,
82,,
81,,
81,Advertising Counsel & Service,
81,AUTOMOBILE ACCESSORIES AND PARTS-RETAIL,
81,Goncmte Construction- Contractors,
80,,
80,GROCERIES- AND MEATS- RETAIL ,
80,Confectionery-Retail,
80,FUEL OIL DEALERS,
80,Organizations-Labor,
80,TRAVEL AGENCIES,
80,CHURCHES AND SYNAGOGUES,
80,Cemeteries,
79,ACCOUNTANTS- PUBLIC,
79,Remnants-Dealers,
79,Watch & Jewelry Repairers,
79,DECORATING- ,
79,INSURANCE COMPANIES,
79,TAXICAB SERVICE,
79,Office Supplies & Equipment,
79,Shirt Mfrs,
78,CONTRACTORS- CARPENTER,
78,Stenographers-Public,
78,Expressing and Moving,
78,,
78,CONTRACTORs-PAINTING AND DECORATING,
78,INSURANCE AGENTS,
78,Radio Sets-Sales and Service,
78,NURSING HOMES,
77,GYMNASIUMS,
77,Storage,
77,RESTAURANTS,
77,DELICATESSEN,
77,Dry Goods-Retail,
77,LUMBER-RETAIL,
77,TAVERN,
77,Clubs-Civic,
77,FOUNDRIES,
76,Halls,
76,CONTRACTORS CARPENTER,
76,,
76,AUTOMOBILE PAINTERS,
76,BANDS AND ORCHESTRAS,
75,MILLINERS,
74,BUILDING MAINTENANCE,
74,GROCERIES AND MEATS-RETAIL ,
74,ORGANIZATIONS-WELFARE AND RELIEF,
74,,
74,,
74,,
74,FUR DEALERS and FURRIERS,
74,ORGANIZATIONS -WELFARE AND RELIEF,
73,WINDOW CLEANERS,
73,CHURCHE AND SYNAGOGUE,
73,,
73,GROCERIES AND MEATS RETAIL ,
73,Pumemal Directors,
73,Enamelers,
73,FRUIT DEALERS-RETAIL,
72,LIQUOR AND WINES- RETAIL,
72,DENTIST,
72,RADIO SALES AND SERVICE,
72,LIQUOR AND WINES,
72,Hosiery-Retail,
72,Fruit Dealers-Retall,
72,"Cleaners-Garments, Curtains & Draperies",
72,PHYSICIANS AND SURGEONS-M.D. ,
71,TRUCK TIRES,
71,PHYSICIAN S AND SURGEONS-MD. ,
71,CLUBS- ,
71,SERVICE,
71,LETTER SHOPS,
71,,
71,Glass Dealers-Window & Plate,
71,MUSIC TEACHERS,
71,APARTMENTS AND TOWN HOUS.,
70,ORGANIZATIONS - BUSINESS. CIVIC AND PROFESSIONAL,
70,,
70,jewelERS,
70,TRAVEL BUREAUS,
70,CONTRACTORS -PLUMBING,
70,Schools & Academies,
70,,
70,REAL ESTATE OWNERS AND DEALERS,
70,PLASTIC PRODUCTS-MFRS,
70,,
70,CHURCHES AND SYNAGOGUES,
70,PUBLIC RELATIONS COUNSEL,
70,Schools & Academies,
70,Meats-Retail,
69,Insurance Companies-Life,
69,,
69,PAINTERS and DECORATORS,
69,Westminster,
69,AUTOMOBILE PARKING,
69,jewelry Solderers INSIGNIA SPECIALISTS,
69,PHYSICIANS AND SURGEONS-MD. ,
69,A Funeral Directors ,
69,,
68,SOCIAL SERVICE AGENCIES,
68,Engravers-Photo,
68,PSYCHOLOGISTS,
68,DENTISTS,
68,JEWELERS-MFG,
68,ORGANIZATIONS- PATRIOTIC AND VETERANS,
68,JEWELERS MFG,
68,LODGING HOUSES,
68,Accountants-Public,
68,CONTRACTORS-BUILDING GENERAL,
68,CONTRACTORS- PLUMBING,
67,Vending Machines,
67,PLASTIC PRODUCTS-MANUFACTURERS,
67,"CARPETS, RUGS AND FLOOR COVERINGS- RETAIL",
67,VARIETY STOKITS,
67,CHURCH AND SYNAGOGUE,
67,Funeral Directors,
67,LAND COMPANIES,
66,,
66,Wall Paper Dealers-Retail,
66,,
66,Banks & Trust Companies ,
66,Pumjgetlng,
66,Bonds-Fidelity & Surety,
66,,
65,Roofers,
65,CONFECTIONERY-RETAIL,
65,Undertakers,
65,PHYSICIANS AND SURGEONs-MD,
65,Fuel and Range Oil,
65,Fire Insurance,
65,FRUIT DEALERS-RETAIL,
65,Fruit Dealers-Retail,
65,GROCERIES AND MEATS RETAIL ,
65,PLUMBERS,
65,Optical Goods-Mfrs,
65,Rug Dealers,
64,Optical Goods-Mfrs,
64,Food Products Mfrs,
64,Electrical Equipment & Supplies -D-ealers,
64,PRINTERS- BOOK and COMMERCIAL,
64,"Cleaners-Garments, Curtains & Draperies",
64,CORSETIERES,
64,OIL BURNERS-SALES and SERVICE,
64,Label Manufacturers,
64,LIQUOR AND WINES-RETAIL,
64,Men's Furnishings-Retail,
64,CONTRACTORS-CARPENTER,
63,ASH AND REFUSE REMOVERS,
63,SHOE DEALERS- RETAIL,
63,MANUFACTURERS,
63,DAY NURSERIES,
63,Assayers & Refiners Assoclatlons & Clubs- Commercial,
63,COMMUNITY CENTERS,
63,BUILDINGS-OFFICE AND PUBLIC,
63,Yarns-Mfrs & Wholesale,
63,PRINTERS-BOOK and COMMERCIAL,
63,Tourists Agents,
63,"ORGANIZATIONS-BUSINESS, PROFESSIONAL and CIVIC",
62,,
62,Sausage Mfrs,
62,Shoe Dealers-Retall,
62,FUNERAL DIRECTORS,
62,Dry Goods-Wholesale,
62,BUCKLE AND CLASP MFRS,
62,Hardware Dealers-Retail,
62,Clothing Dealers-Women's & Misses'-Retail,
62,,
62,Pearl Workers,
61,Paint-Retail,
61,Gift Shops ,
61,ORGANIZATIONS-BENEVOLENT and FRATERNAL,
61,AUTOMOBILE REPAIR,
61,JEWELERS' SUPPLIES,
61,,
61,The Only Factory Authorized Studebaker Sales and Service in Providence,
61,Organizations-Miscellaneous,
61,Carpenters,
61,Fuel Oil,
61,CONTRACTORS-PAINTING AND DECORATlNG,
61,Fruit Dealers-Retail,
61,TAILORS-MERCHANT,
61,House Furnishing Goods-Retail,
61,OFFICE SUPPLIES AND EQUIPMENT,
61,LAWYERS,
60,ELECTRONIC EQUIPMENT AND SUPPLIES,
60,DESlGN,
60,Electrical Equipment & Supplies,
60,ACCOUNTANTS-CERTIFIED PUBLIC ,
60,Auctioneers,
60,,
60,RESTAURANTS- MISTER STEAK,
60,RESTAURANTS,
60,jewelers Findings,
60,ORGANIZATIONS,
60,ORGANIZATIONS- BENEVOLENT AND FRATERNAL,
60,Accountants & Auditors,
60,ICE CREAM AND FROZEN DESSERTS-RETAIL,
60,jewelry MFRS,
59,,
59,HOMES AND SANITARIUMS,
59,Contractors-Sewer & Drains,
59,SALES and SERVICE,
59,HOTELS,
59,INSURANCE BROKERS,
59,SHOE DEALERS- RETAIL,
59,ACCOUNTANTS-CERTIFIED PUBLIC,
59,BROKERS-FOOD PRODUCTS,
59,EQUIPMENT,
59,SHOE SHINERS,
59,Bands & Orchestras,
59,CLEANERS AND DYERS,
58,FRUITS-DEALERS-RETAIL,
58,Carpenters ,
58,WHOLESALE,
58,REAL ESTATE,
58,LAWYERS,
58,PRINTERS- BOOK and COMMERCIAL,
58,CONTRACTORS-HOME IMPROVEMENT,
58,,
58,CONTRACTORS -ELECTRICAL,
58,Valuables Transported,
58,Carpenters,
57,Letter Shops,
57,TRANSPORTATION LINES,
57,INVESTMENT COUNSEL,
57,FUR DEALERS AND FURRIERS,
57,Chemicals-Retail & Wholesale,
57,Furniture Dealers-Retail,
57,VARIETY STORE,
57,Toilet Articles & Supplies ,
57,LIQUOR AND WINES- RETAIL,
57,JEWELERS MFG- DAVID jewelry MFG,
57,Hardware Dealers-Retail,
57,PHYSICIAN S AND SURGEONS-M.D.,
57,ORGANIZATIONS -BUSINESS AND PROFESSDNAL,
57,Accountants-Public,
57,Television Equipment-Sales and Service,
57,Organizations-Lahor,
56,Oil Burners-Sales and Service,
56,SHIPPERS,
56,,
56,,
56,Radio Sets & Supplies,
56,,
56,Lapidaries,
56,Mortgage Loans,
56,Clothing Dealers-Women's, Misses'-Retail
56,Floors ,
56,COSMETICS,
56,Cotton Dealers,
56,ADJUSTERS,
56,Fruit Dealers-Retail,
56,CONTRACTORS-PLUMBING,
56,PHYSICIAN S AND SURGEONS-M.D.,
56,carpente'rs-Job ,
56,OPTICIANS,
56,FUEL OIL,
56,RENTAL AGENTS,
55,FURNITURE DEALERS-RETAIL,
55,,
55,Clothing Dealers-Women's & Misses-Retail,
55,Steel & Steel Products-Dealers ,
55,CHURCHES AND SYNAGOGUES,
55,REAL ESTATE,
55,Clothing Dealers-Women's & Misses'--Retail,
55,CHURCHES AND SYNAGOGUES,
55,BUSINESS MACHINES,
55,General Contractors,
55,Coal Dealers-Wholesale,
55,CONTRACTORS- BUILDING-GENERAL,
55,Florists-Retail,
55,,
55,,
54,Belting Mfrs,
54,MEATS -WHOLESALE,
54,JEWELERS FINDINGS,
54,BEAUTY SHOPS,
54,CHURCHES AND SYNAGOGUE,
54,ARTISTS- COMMERCIAL,
54,Florists--Retail,
54,Caterers ,
54,ENGINEERS-MECHANICAL,
54,FISH AND SEA FOOD DEALERS-RETAIL,
54,CLOTHING-USED,
54,Schools-Parochial,
54,LAUNDRIES- SELF SERVE,
54,Contractors-Road,
54,,
54,Jewelery Findings,
54,TRUST BUILDING RENTAL OFFICE,
54,RECORD SHOPS,
54,Sporting Goods-Retail,
53,Yarn Dealers-Retail,
53,RADIO AND TELEVISION REPAIRING,
53,Automobile Body Mfrs,
53,Fur Dealers and Furriers,
53,Quality Paper,
53,Laundries,
53,,
53,Automobile Parking,
53,Chemical Manufacturers,
53,Attorneys-at-Law,
53,Parks & Playgrounds,
53,,
53,Carpenters,
53,Clothing Dealers-Women's & Misses'-Retail,
53,Printers-Book and Commercial,
53,Insurance Companies-Fire,
53,Clothing Dealers-Women's & Misses'-Retall,
53,Jewelers-Solderers,
53,Opticians-Retail,
53,WELDERS AND BRAZERS,
53,Cigar Mfrs,
52,Jewelers-Retail ,
52,AUTOMOBILE DEALERS- US- CARS,
52,SPORTING GOODS-RETAIL,
52,"ORGANIZATIONS-BUSINESS, CIVIC AND PROFESSIONAL",
52,Jewelery Findings,
52,Loans-Collateral & Salary ,
52,BANKS AND TRUST COMPANIES,
52,PRODUCE COMMISSION MERCHANTS,
52,AUTOMOBILE DEALERS,
52,Service Stations ,
52,Insurance-Life,
52,Pattern & Model Makers,
52,Clothing Dealers-Women's & Misses'-Retail,
52,Intelligence Offices  Interior Decorators,
52,COUNSELLING SERVICE,
52,Clothing Dealers-Women's & Misses'-Retail,
52,Clothing Dealers-Women's & Misses'-Retail,
52,Associations & Clubs-Commercial,
52,PHOTOGRAPHERS,
51,,
51,jewelry MFRS,
51,Cloaking Dealers,
51,,
51,jewelry-WHOLESALE AND IMPORTING,
51,BETTER HOMES AND GARDENS,
51,Patent Lawyers,
51,jewelERS,
51,PLATERS,
51,Insurance Companies-Fire,
51,Clothing Dealers-Women's & Misses'-Retail,
51,TEACHERS- ,
51,,
51,INVESTMENT SECURITIES,
51,Automobile Body Repairers,
51,Confectionery & Ice Gream- Retail ,
51,Druggists-Retail,
51,METAL STAMPING,
51,GROCERS-WHOLESALE,
51,Ladies' Tailors ,
50,Florists-Retall,
50,FROZEN FOOD PROCESSORS,
50,ORGANIZATIONS- BENEVOLENT and FRATERNAL,
50,Clothing Dealers-Men's & Boys' -Retail,
50,Meats-Wholesale,
50,APPRAISERS,
50,SIGN PAINTERS and MANUFACTURERS,
50,Savings Banks,
50,Assayers & Retinars Associations & Clubs-Ctnnmer- clal,
50,TEXTILE MANUFACTURERS,
50,CONTRAC TORS- CAR PENTER,
50,PAINT-RETAIL,
50,Boiler Mfrs,
50,Gymnasiums,
50,jewelry-WHOLESALE,
50,LOCKSMITHS,
50,Clothing-Women's-Retail,
50,MILL SUPPLIES,
50,DETECTIVE AGENCIES,
50,Assayers & Reiiners Associations & Clubs,
50,ORGANIZATIONS-WELFARE ,
50,DRESSMAKERS,
50,RAT ORS,
49,CLERGY,
49,DRESSMAKERS,
49,EXPRESSING and MOVING,
49,Confectionery & Ice Cream- Retail,
49,Fruit Dealers-Retail,
49,CHURCHE AND SYNAGOGUE,
49,ACCOUNTANTS,
49,,
49,ELECTRICAL EQUIPMENT and SUPPLIES -DEALERS,
49,Automobile Accessories and Parts-Retail,
49,Osteopathic Physicians ,
49,Blacksmiths ,
49,SHOE REPAIRERS,
49,ORGANIZATIONS- LABOR,
49,Hairdressers  Halls,
49,BUSINESS FORMS AND SYSTEMS,
49,Caterers,
48,ALTERATION SHOPS,
48,Investment Securities,
48,Watch Crystal Mfrs Watch and Jewelry Repairers,
48,BAKED GOODS-RETAIL,
48,STORE FIXTURES AND FITTINGS,
48,Auto Accessories and Parts,
48,optometrists,
48,PHYSICAL CULTURE,
48,Adjusters,
48,Bus and Coach Lines,
48,Refrigerator Dealers,
48,CEMETERIES,
48,BOX MANUFACTURERS,
48,Laundries-Chinese,
48,DIE CUTTERS,
48,Ice-Dealers,
48,Investment Securities,
48,,
48,Clinics,
48,,
48,STORM DOORS and WINDOWS,
48,REAL ESTATE OWNERS AND DEALERS,
48,Furniture Dealers-Secondhand,
48,GROCERS-WHOLESALE,
48,Wool Dealers,
48,MANUFACTURERS OF LEAD,
48,PATTERN MAKERS,
48,LIQUOR AND WINES RETAIL,
48,Engravers-Textile,
48,CASTINGS-MFRS,
48,FIDRISTS'-RETAIL,
48,ORGANI ZATIONS- LABOR,
48,Florists-Retail,
48,Confectionery & Ice Cream- Retail ,
47,Carpenters,
47,DRY GOODS -RE'TAIL,
47,Laundries-Chinese,
47,RESTAURANT,
47,Automobile Dealers-Passenger Cars,
47,Associations & Clubs-Commercial,
47,Insurance Companias-Fire,
47,CONTRACTORS -ELECTRICAL,
47,GASOLINE STATIONS,
47,,
47,,
47,Box Mfrs,
47,CONTRACTORS-PAINTING AND DECORATING,
47,,
47,SHOE DEALERS-RETAIL,
47,DRUGGISTS-WHOLESALE,
47,Laundries-Deli Service,
47,Paper Dealers-Print & Wrap,
47,Dancing Teachers,
47,ICE CREAM MANUFACTURERS,
47,JEWELERS' FINDINGS,
47,LIQUOR AND WINES- RETAIL,
47,CONTRACTORS-ROOFING,
47,"JEWELERS, FINDINGS",
46,UNIVERSITY OF RHODE ISLAND,
46,Clothing-Mews-Retail,
46,LAUNDRIES -SELF SERVE,
46,FURNITURE DEALERS-USED,
46,Automobile Parkinq,
46,PLASTIC PRODUCTS- MANUFACTURERS,
46,Insurance Companies- Fire,
46,CARPENTERS-JOB ,
46,CONTRACTORS- PLASTERING,
46,BEAUTY SHOP SUPPLIES,
46,,
46,CONTRACTORS-FLOOR SURFACING,
46,VARIETY STORE,
46,,
46,,
46,AUTOMOBILE DEALERS- USED CARS ,
46,Motion Picture Theatres,
45,,
45,TOOL MFRS,
45,SILVERSMITHS,
45,Clubs-Civic,
45,ELECTRICAL EQUIPMENT and SUPPLIES-DEALERS,
45,Motion Picture Theatres,
45,Radio Sets & Supplies-Retail ,
45,Hardware Dealers-Retail,
45,Hardware Dealers-Retail,
45,WATCH and JEWELRY REPAIRERS,
45,Fence Mfrs,
45,RADIO and TELEVISION SETS- SALES and SERVICE,
45,Osteopathic Physicians ,
45,"Butter, Cheese & Eggs-Retail",
44,Veterinarians,
44,HARDWARE DEALERS -RETAIL,
44,Pump Mfrs,
44,Mercantile Agencies,
44,Storage Batteries Store Fixtures & Fittings,
44,CLOTHING-MEN'S-RETAIL,
44,Greeting Cards,
44,Welders & Brazers,
44,AUTOMOBILE PARKING,
44,SCHOOLS AND COLLEGE,
44,METAL GOODS MFRS,
44,SALES AND SERVICE,
44,Radiator Repairers-Automobile,
44,"ORGANIZATIONS- BUSINESS, CIVIC and PROFESSIONAL",
44,Carpenters ,
44,"Cleaners-Garments-, Curtains & Draperies",
44,Wood Dealers,
44,News Dealers,
44,Insurance Companles,
44,Physio Therapists,
44,Produce Dealers-Wholesale,
44,Insurance Companies-Accident & Health,
44,Confrectionery & Ice Cream- Retail,
44,PLATERS,
43,Advertising-Outdoor,
43,CONTRACTORS- BUILDING-GENERAL ,
43,,
43,WATCH. CLOCK and JEWELRY REPAIRING,
43,LAUNDRIES AND DRY CLEANERS,
43,SIGN AND CARD WRITERS,
43,HARBOUR COURT,
43,Produce Dealers-Retail,
43,CURTAINS AND DRAPERIES,
43,,
43,"Butter, Cheese & Eggs-Whole- sale",
43,Metal Goods-Mirs,
43,Watch & Jewelry Repairers,
43,AUTOMOBILE BODY REPAIRERS ,
43,Clothes Pressers & Cleaners,
43,DRESS PLAITING AND TUCKING,
43,Clothing Dealers-Men's & Boys -Retail,
43,Transportation-Bus,
43,MEATS-RETAIL,
43,JEWELERS MFG,
43,Laundries - chinese,
43,Clothing-Mews-Retail,
42,SCHOOLS-PUBLIC,
42,VARIETY STORES,
42,FIDRISTS-RETAIL,
42,OILS AND LUBRICANTS- DEALERS,
42,Liability Insurance,
42,Concrete Block Mfrs,
42,Assayers & Reiiners Associations & Clubs-Commer- clal,
42,Clothing Dealers-Men's & Boys' -Retail,
42,Glass Dealers-Window and Plate,
42,,
42,DATA PROCESSING,
42,FUEL OIL,
42,Clothing Dealers-Men's & Boys -Retall,
42,SOLDER AND SOLDERING FLUX MFRS,
42,TREE SURGE RY,
42,AUTOMOBILE GARAGES,
42,CONTRACTORS ELECTRICAL,
42,CONTRACTORS-PLUMBING,
42,BRYANT COLLEGE OF BUSINESS ADMIN,
42,Optical Goods-Dealers,
42,,
42,Midwives,
42,,
42,,
41,STAMPING WORKS AND DIE CUTTERS,
41,TRUST COMPANIES,
41,Jewelers-Retail ,
41,MANUFACTURERS REPRESENTATIVES,
41, Hairdressers Halls,
41,Interior Decorators,
41,BARBER SHOPS,
41,Water Supply Companies,
41,jewelers--Retail,
41,INSURANCE,
41,Spring Mfrs,
41,ORGANIZATIONS- BENEVOLENT and FRATERNAL,
41,Confectionary & Ice Cream- Retail ,
41,TEXTILE WORKERS UNION ,
41,STORAGE,
41,INSURANCE CO,
41,Laundries-chinese,
41,Clubs,
41,NURSES,
41,ACCOUNTANTS - PUBLIC,
41,JEWELERS-WHOLESALE and IMPORTING ,
41,BUILDING MATERIALS AND SUPPLIES,
41,TELEVISION SALES AND SERVICE,
41,Auto Garages,
40,"Confectionary & Ice Cream,- Retail",
40,Automobile Accessories & Parts -Retail,
40,Clothing Dealers-Mens & Boys' -Retail,
40,OFFICE SUPPLIES and EQUIPMENT,
40,Lumber-Retail,
40,Hearing Aids,
40,MONUMENTAL WORK,
40,Lumber-Wholesale,
40,JEWELERS' -FINDINGS,
40,Oils & Lubricants-Dealels,
40,TRUCKING,
40,STORM DOORS AND WINDOWS,
40,"ORGANIZATIONS-BUSINBS, CIVIC AND PROFESSIONAL",
40,REAL ESTATE AND INVESTMENTS,
40,Hardware Dealers-Retail,
40,Asbestos Goods & Materials,
40,BURGLAR AND FIRE ALARM SYSTEMS,
40,GLASS DEALERS-WINDOW AND PLATE,
40,Clothing Dealers-Meds & Boys' -Retail,
40,Fur Dealers & Furriers,
40,,
40,NOVELTIES-MFRS,
40,LAUNDRIE SELF SERVE,
39,BOOKING AGENTS,
39,ENGINEERS-CIVIL,
39,PAIRING,
39,AUTOMOBILE REPAIRING,
39,Shoe Shlners,
39,Chemicals-Mfrs,
39,JEWELERS FINDINGS,
39,SCHOOIS AND COLLEGE,
39,Cutlery Mfrs,
39,Enamelers,
39,DAY CARE CENTERS,
39,,
39,Cigars and Tobacco-Retail,
39,FENCE MANUFACTURERS,
39,Electrical Coutractors,
39,Gift Shops ,
39,Cigars & Tobacco-Retall,
39,Tire Dealers and Repairing,
39,ORGANIZATIONS-BUSINESS,
39,CONTRACTORS-SHEET METAL,
39,Insurance Companies-Life,
39,Jewelers-Retail,
39,,
39,AUCTIONEERS,
39,PHYSICIANS AND SURGEONS-MD,
39,Automobile Accessories & Parts --Retail,
39,,
39,ORGANIZATIONS- BENEVOLENT and FRATERNAL,
39,Contractors-Maso,
39,Safe Deposit Vaults,
39,BAKED GOODS-RETAIL,
39,SIGN PAINTERS AND MFRS,
39,SCHOOL BUSES,
39,,
38,"ORGANIZATIONS BUSINESS, CIVIC AND PROFESSIONAL",
38,NURSES- PRACTICAL,
38,Clothing Dealers-Mens & Boy-Retail,
38,PHOTOGRAPHIC DEVELOPING AND PRINTING,
38,Publishers,
38,PHOTOGRAPHERS,
38,FUNERAL DIRECTORS,
38,Radio and Television Sets-Sales and Service,
38,TYPERS,
38,INTERIOR DECORATORS AND DESIGNERS,
38,SERVICES,
38,ORGANIZATIONS- MISC,
38,IMPORTING,
38,Department Stores,
38,TOBACCO-WHOLESALE,
38,Automobile Dealers-Passenger Cars,
38,Automobile Dealers-Passenger Cars,
38,jewelers' Findings,
38,CONTRACTORS-ELECTRICAL,
38,,
38,Contractors-Concrete,
38,CONTRACTORS-ELECTRICAL- ,
38,Watch & Jewelry Repairers ,
38,Automobile Accessories & Parts -Retail,
38,Sewing Machine Dealers,
37,Insurance Companies,
37,INTERIOR DECORATORS,
37,chiropodists,
37,jewelers Findings,
37,COCKTAIL LOUNGES,
37,,
37,Sign Painters Mrs,
37,JEWELERS- RETAIL,
37,ASPHALT SHINGLES,
37,REPAIRING,
37,Automobile Dealels-Passenger Cars,
37,Automobile Dealers-Passenger cars,
37,Sanitariums,
37,DISPLAY FORMS AND FIXTURES,
37,HEAT TREATING ,
37,OSTEOPATHIC,
37,REAL ESTATE ,
37,ELECTRONIC EQUIPMENT AND SUPPLIES,
37,Heating Apparatus and Appliances,
37,INSURANCE INVESTIGATORS,
37,Beauty Shop Equipment & Sup- plies,
37,,
37,SCULPTORS,
37,Jewelers-Retail,
37,Ornamental Iron,
37,Fish Dealens-Retail,
37,NURSES,
37,jewelers Bindings,
37,ORGANIZATIONS-YOUTH,
37,,
37,AUTOMOBILE ACCESSORIES AND PARTS-RETAIL,
37,jewelers-Retail,
37,INTERIOR DE CORATORS,
37,TIRE DEALERS and REPAIRING,
37,BEVERAGES,
36,,
36,Insurance Companies-Life,
36,PARTS- RETAIL,
36,UPHOLSTERERS,
36,,
36,Newspapers,
36,Tobacco-Wholesale,
36,ORGANIZATIONS-WELFARE AND RELIEF,
36,SANITARIUMS,
36,Watch Crystal Min Watch & Jewelry Repairers,
36,FEDERATION OF STATE COUNTY AND MUNICIPAL EMPLOYEES RI,
36,Enamelers ,
36,Delicatessen-Retail ,
36,Insurance Companies- Life,
36,jewelers-Retall,
36,Automobile Renting,
36,Banks and Trust Companies,
36,Manufacturers Agents,
36,PEST CONTROL,
36,LEATHER GOODS-RETAIL,
36,Macaroni Manufacturers,
36,LANDSCAPE CONTRACTORS,
36,Ticket Agencies,
36,Furniture Dealers-Used,
36,Supplies-Dealers,
36,jewelers-Retail,
36,FRUIT DEALERS-WHOLESALE AND BROKERS,
36,jewelers Supplies,
36,GROCERIES AND MEATS RETAIL,
36,ELECTRICAL CONTRACTORS,
36,GROCERIES AND MEATS- RETAIL ,
35,COMPUTER SYSTEMS AND EQUIPMENT,
35,CHEMICALS-MANUFACTURERS,
35,AUTOMOBILE RENTING,
35,ACCOUNTANTS CERTIFIED,
35,Confectionery & Ice Cream- Retail ,
35,PATENT ATTORNEYS,
35,Auto Accessories & Parts-Retail,
35,,
35,BOOKKEEPING SERVICE,
35,DANCING SCHOOLS AND TEACHERS,
35,Mortgages,
35,SHOPPING CENTERS,
35,BROKERS-STOCKS AND BONDS,
35,Diamonds & Precious Stones ,
35,STATIONERS-RETAIL,
35,Wire Mfrs,
35,OPTICIANS,
35,Finance,
35,Surety Bonds,
35,Sheet Metal Workers,
35,DOG GROOMING SERVICE,
35,JEWELERS SUPPLIES,
35,Organizations-Benevolent and Fraternal,
35,Insurance Companies-Life,
35,Land Companies,
35,Osteopathic Physician ,
35,Automobile Dealers-Used Oars,
35,AUTHORS AND COMPOSERS,
35,FINANCE COMPANIES,
35,Watch Crystal Mfrs Watch & Jewelry Repairers ,
35,,
35,ARCHITECTS,
35,PUBLICATIONS,
35,,
35,OPTOMETRISTS,
35,COVE RAGE,
35,Stationers-Mfg Stationers-Retail ,
35,Watch crystal Mfrs Watch & Jewelry Repairers ,
35,LIQUOR AND WINES RETAIL- ,
35,LOANS -MORTGAGE,
35,TELEPHONE ANSWERING SERVICE,
34,ELECTRICAL EQUIPMENT and SUPPLIES-DEALERS,
34,Screw Mfrs,
34,CHURCHES,
34,FISH and SEA FOOD DEALERS- RETAIL,
34,Photographers-Commercial,
34,Iron & Steel Work,
34,Photographic Apparatus & Supplies,
34,Banks & Trust Companies,
34,Chiropodists,
34,JEWELRY MFRS- EDWARDS INDUSTRIES,
34,COURTHOUSE LAW PLAZA,
34,Foundries,
34,FURNITURE-USED,
34,COAL DEALERS-RETAIL,
34,OIL BURNERS-SALES AND SERVICE,
34,CREATIONS LTD INC,
34,GROCERII'E AND MEATS- RETAIL ,
34,Men's Pnrnlshlngs-Retail,
34,Builders ,
34,Clairvoyants,
34,Laboratories,
34,PHOTOGRAPHERS- COMMERCIAL,
34,WAREHOUSES- MERCHANDISE,
34,Pin anoe Companies,
34,Building Wreckers,
34,CABINETMAKERS,
34,Paper Dealers-Print and Wholesale,
34,,
34,Detective Agencies,
34,Cigars & Tobacco-Wholesale,
34,Mews Furnishings-Retail,
34,Food Products Mirs-Prepared,
34,ENGINEERS- CONSULTING,
34,Newspapers,
34,MILK DEALERS,
34,SCHOOLS and COLLEGES,
34,,
34,PARTS -RETAIL,
34,Mews Furnishings-Retail,
34,Floors,
34,Manicures Manufacturers Agents,
34,GLASS DEALERS-WINDOW and PLATE,
34,,
34,Insurance Companies-Lite,
34,Roofing Materials & Supplies,
34,MEATS-RETAIL,
33,JEWELERS-RETAIL,
33,Insurance-Fire,
33,Automobile Dealers-Passenger Cars,
33,Ornamental Iron Work,
33,MASSAGE,
33,ORGANIZATIONS- COMMUNITY SOCIAL SERVICES,
33,Automobile Dealers-Used,
33,FINANCE COMPANII'B,
33,ORGANIZATIONS BUSINESS. CIVIC AND PROFESSIONAL,
33,Diamonds and Precious Stones ,
33,Liquor Dealers-Wholesale,
33,,
33,Confectionary-Retail,
33,Novelties-Mfrs,
33,ARTISTS -COMMERCIAL,
33,AUTOMOBILE RENTING AND LEASING,
33,TRUCKING ,
33,REPAIR SHOPS,
33,MEN'S FURNISHINGS-RETAIL,
33,Lithographers,
33,finance Companies,
33,Curtains and Draperies,
33,INVESTMENT SECURITIES- DEALERS,
33,Men's Purnishings-Retail ,
33,Chiropodists,
33,ORGANIZATIONS-MISCELLANEOUS,
33,BAKED GOODS -RETAIL,
33,FUEL OIL,
33,Hat Manufacturers,
33,BUILDING MATERIALS and SUPPLIES,
33,GRAPHIC ARTS,
33,Radio Sets & Supplies-Wholesale,
33,Wall Paper Dealers-Retall,
33,Chemicals-Whol,
33,Sign Painters and Mfrs,
33,FURNISHED ROOMS,
33,Business Machines,
33,CONTRACTORS-ROOFING and SIDING,
33,INVESTMENT BANKERS ,
33,,
33,,
32,,
32,CONFECTIONARY-RETAIL,
32,Embalmers,
32,Entertainment Bureaus,
32,INSURANCE ADJUSTORS,
32,Hardware Mfrs,
32,,
32,"ORGANIZATIONS-BUSINESS, CIVIC AND PROFESSIONAL",
32,ORGANIZATIONS-VETERANS,
32,,
32,SCHOOIS AND COLLEGES,
32,ORGANIZATIONS -PATRIOTIC AND VETERANS,
32,Cigars & Tobacco-Retail,
32,MUSEUMS,
32,CONTRACTORS- BUILDlNG-GENERAL,
32,LAUNDRIES,
32,Music Dealers-Sheet,
32,Chain Mfrs,
32,Attomeys-at-Law,
32,Carpenters ,
32,Men's Furnishings-Retail ,
32,Unholsterers,
32,MACHINERY MFRS,
32,Acoustic Apparatus & Devices,
32,ORGANIZATIONS-PATRIOTIC AND VETERANS,
32,News Dealers,
32,Day Nurseries,
32,JUNK DEALERS,
32,LAUNDRIES-SE LF SERVICE,
32,,
32,AUTOMOBILE WASHING AND POLISHING,
31,Automobile Dealers--Used Cars,
31,MORTGAGE LOANS,
31,,
31,FLORIDA OFFICE,
31,school- PAROCHIAL,
31,INVESTMENT BANKERS ,
31,STORE FIXTURES and FITTINGS,
31,Assayers & Refiners Associations & Clubs-Commerclal,
31,Automobile Dealers-Used Cars,
31,Yams-Mfrs & Wholesale,
31,RESEARCH,
31,CONVENTS,
31,CHIROPODISTS,
31,PAINT-RETAIL,
31,Watch Crystal Mfrs Watch & jeWelry Repairers ,
31,MEATS -RETAIL,
31,Vacuum Cleaners-Dealers,
31,,
31,Jewelers' Findings,
31,SAVINGS BANKS,
31,Automobile Dealers-Commercial Cars & Trucks,
31,DAIRY STORES,
31,SCHOOLS- PUBLIC,
31,Funeral Homes,
31,Mortgage Loans,
31,WATCH CLOCK AND JEWELRY REPAIRING,
31,,
31,TUTORING SERVICE,
31,BUILDING,
31,Bonds-Fidelity & Surety,
31,CHEMICALS-MANUFACTURERS,
31,Brokers,
31,Organizations-Misc,
31,Bookbinders,
31,,
31,Household Appliances-Dealers,
31,Wire Manufacturers,
31,ADVERTISING AGENCIES,
30,Osteopathic Physicians ,
30,,
30,Automobile Garages ,
30,Metal Goods-Mfrs,
30,OFFICE SUPPLIES and EQUIPMENT,
30,Investment Counselors,
30,Noveltles-Mirs,
30,ORGANIZ ATIONS - BENEVOLENT AND FRATERNAL,
30,INTERIOR DECORATORS AND DESIGNERS,
30,CONVENTS,
30,Platers,
30,ASH and REFUSE REMOVERS,
30,FURNITURE FINISHERS,
30,AUTOMOBILE ACCESSORIES and PARTS-WHOLESALE and JOBBERS,
30,,
30,SUPPLlES- DEALERS,
30,ORGANIZATIONS -BENEVOLENT AND FRATERNAL,
30,Novelties-Retail,
30,TELEVISION SETS-SALES AND SERVICE,
30,TOOLS AND DISTRIBUTORS,
30,Electrical Equipment & Supplies-Dealers,
30,PAINT-WHOLESALE,
30,JEWELERS- PRECIOUS METAL PRODUCTS,
30,REAL ESTATE- SHACKLETON REAL ESTATE ,
30,PLASTIC PRODUCTS- MFRS,
30,,
30,"Light, Heat & Power Companies",
30,"CARPETS, RUGS AND FLOOR COVERINGS- RETAIL",
30,Oils and LUBRICANTS-DEALERS,
30,PLATE,
30,PODIATRISTS,
30,,
30,GASOLINE STATIONS,
30,Organizations-Religious,
30,ORGANIZATIONS-MISCELLANENOUS,
30,SCREW MACHINE PRODUCTS,
30,Electrical Equipment & Supplies - Dealers,
29,,
29,Advertising Agencies,
29,Radio Sets & Supplies-Retail,
29,LANDSCAPE GARDENERS,
29,Title Insurance,
29,BUSINESS MACHINES-SALES and SERVICE,
29,Mems Phrnishings-Retail ,
29,CATHOLIC CHURCH,
29,LAWYERS,
29,SCHOOLS AND COLLEGES,
29,House Furnishing Goods- Retail,
29,METAL GOODS MANUFACTURERS,
29,NEWS DEALERS-WHOLESALE,
29,CHIROPODISTS,
29,Textile Mirs-Yar,
29,RADIO AND TELEVISION SETS- SALES AND SERVICE,
29,AUTOMOBILE WASHING and POLISHING,
29,BOWLING LANES,
29,Insurance Companies,
29,ENGRAVERS-PHOTO,
29,CLUBS,
29,PARTS-RETAIL,
29,HOUSE FURNISHING GOODS- RETAIL,
29,DANCING SCHOOLS and TEACHERS,
29,Insurance Companies-Liability,
29,Land Companies ,
29,Plumbing Supplies-Dealers ,
29,Sign Painters & Mirs,
29,Marble Workers,
29,Screen Mfrs,
29,Window Displays,
29,jewelry Stone Setters,
29,Oil Burners-Sales and Service,
29,Premium Goods,
29,Grease-Lubricating Greeting Cards,
29,MEATS- WHOLESALE,
29,Harrison Organizations-Welfare,
29,CONFECTIONERY-WHOLESALE,
29,AUTOMOBILE REPAIRING,
29,Poultry Dealers-Retail,
29,CLOTHING-RETAIL,
29,Watch & Jewelry Repairers,
29,CONFECTIONERIES-RETAIL,
28,CONTRACTORS-ROOFING and SIDING,
28,Bicycle Dealers & Repairers,
28,ARCHITECTS,
28,OPTICAL GOODS- MANUFACTURERS,
28,,
28,INSURANCE COMPANIES,
28,INTERIOR DECORATORS AND DESIGNERS,
28,Men's Furnishings-Retail,
28,Men's Furnishings-Retail ,
28,"JEWELERS, SUPPLIES",
28,ARCHITECTS,
28,Yarns-Mfrs,
28,,
28,CONTRACTORS-CONCRETE,
28,Machinery Mfrs,
28,BARBER AND BEAUTY SHOP EQUIPMENT AND SUPPLIES,
28,jewelers-Wholesale and Importing,
28,Constables,
28,Bars,
28,Fire Extinguishers,
28,Fuel and Range Oil,
28,TRUCKING,
28,Typewriting Machines-Dealers,
28," Jewelers, Supplies",
28,Upholsterers ,
28,PARKS and PLAYGROUNDS,
28,BAKED GOODS-RETAIL,
28,Patent Medicines Patent Solicitors,
28,"Towel, Apron & Coat Supply",
28,CONTRACTORS-PLUMBING,
28,ARCHITECTS,
28,FRUIT DEALERS-WHOLE AND BROKERS,
28,CREDIT REPORTING AGENCIES,
28,Trust Companies ,
28,SCHOOLS-PUBLIC,
28,ATTORNEY,
28,ICE-DEALERS,
28,CONTRACTORS-HEATING,
28,Jewelers-Wholesale & Importing,
28,FORWARDING AGENTS,
28,TAXICAB SERViCE,
28,Appraisers of Real Estate,
28,JEWELERS,
28,CARPET AND RUG CLEANERS,
28, PHOTO-OFFSET,
28,Bleachers & Finishers-Fabrics,
28,Building Materials and Supplies,
27,Broom Mfrs,
27,Electrical Equipment & Supplies Dealers,
27,ADVERTISING AGENCIES,
27,,
27,Textile Mirs-Woolen & Worsted Goods,
27,STORAGE-FURS and GARMENTS,
27,,
27,Amusement Companies,
27,Radio Broadcasting Companies and Stations,
27,REDUCING SALONS,
27,ORGANIZATIONS-WELFARE AND RELIEF,
27,Homes and Asylums,
27,PICTURE FRAMES AND PICTURES-DEALERS,
27,Photo Engravers ,
27,Men's Furnishings-Retail,
27,INSURANCE AGENTS,
27,SCHOOLS-PRIVATE,
27,DENTAL LABORATORIES,
27,WIRE GOODS MFRS,
27,Bankers & Brokers Banks & Trust Gompanlos ,
27,DAIRY STORES ,
27,,
27,Mews Purnishings-Retail  ,
27,HOUSEHOLD APPLIANCES- DEALERS,
27,Horseshoers  Hosiery-Retail,
27,,
27,ORGANIZATIONS- LABOR- ,
27,,
27,PHARMACIES,
27,Ice-Mfrs & Wholesale,
27,HOTE LS,
27,CHAIN MANUFACTURERS,
27,BOOKBINDERS,
27,COMMUNICATION SYSTEMS,
27,Elgctrical Equipment and Supplies-Dealers,
27,jewelry Burnishers,
27,CHIROPODISTS,
27,DESIGNERS,
27,SIDING,
27,CARPET LAYERS,
27,AMUSEMENT PLACES,
27,PEWTER WARE MFRS,
27,NOVELTIES- MANUFACTURERS,
27,ARTISTS,
27,FURNITURE DEAIERS-RETAIL,
27,Dictating Machines,
27,ROOFERS,
27,FRUIT DEALERS-WHOLESALE and BROKERS ,
27,LAUNDRIES-SELF SERVE,
27,"ADVERTISING, AGENCIES",
27,FLORISTS-RETAIL,
27,"Carpets, Rugs & Floor Coverings -Retail",
27,ADVERTISING AGENCIES,
27,EXPRESSING AND MOVING,
27,ORGANIZATIONS- PATRIOTIC AND VETERAN S,
27,,
27,Heat Treating-Steel,
27,VARIOUS DENOMINATIONS,
26,Sculptors,
26,HOUSEHOLD APPLIANCES DEALERS,
26,Language Teachers,
26,LOANS- MORTGAGE,
26,AUTOMOBILE RADIATOR REPAIRERS,
26,Power Plant Equip and Supplies,
26,CONTRACTORS-FLOORING,
26,FENCE MFRS,
26,BLUE PRINTS,
26,Grocers-Whol,
26,RADIO AND TELEVISION SETS- SALES AND SERVICE,
26,Oil Bumers & Oil Burning Equipment,
26,CARPENTERS-JOB,
26,AND PROFESSIONAL,
26,CIGARS and TOBACCO-RETAIL,
26,Piano Dealers,
26,BANKS-CO-OPERATIVE,
26,Toys & Games-Retail,
26,MEATS-WHOLE SALE,
26,BUSINESS MACHINES-SALES AND SERVICE,
26,UNDERWRITERS,
26,Bankers & Brokers ,
26,ENAME LERS,
26,Organizations-Weliare,
26,Uniform Mfrs,
26,PIANO DEALERS,
26,Christian Sclemce Practitioners,
26,Piano Dealers ,
26,PBOT0-OFFSET,
26,Leather Goods-Retail ,
26,Pencil Mfrs,
26,CASTINGS-MANUFACTURERS,
26,475 Cransto,
26,Mill Engineers  Mill Supplies,
26,Dairy Products-Retail,
26,Vulcanizers,
26,CHEMICALS eMANUFAC TURERS,
26,ORGANIZATIONS PATRIOTIC AND VETERAN S,
26,BANKS AND TRUST COMPANIIB ,
26,HOTEL AND RESTAURANT SUPPLIES AND EQUIPMENT,
26,EXPRESS COMPANIES,
26,Drv Goods-Wholesale,
26,SCHOOLS-PUBLIC,
26,Scale Mfrs & Dealers,
26,jewelry Burnishers,
26,Wood Carvers,
26,OIL PRODUCERS AND SHIPPERS,
26,Automobile Bodv Repairers,
26,PAUL,
26,OIL BURNERS-RETAIL,
26,"Pounders-Brass, Bronze & Aluminum ",
26,MANUFACTURERS AGENTS,
26,TRAVEL AGENCIES,
26,CARPENTERS- JOB,
26,INSURANCE COMPANIES,
26,YARNS-RETAIL,
26,Leather Goods-Mirs,
26,SYSTEMS,
26,AUDIO-VISUAL AIDS,
26,Furniture Repairers ,
26,NOVELTIES-RETAIL,
26,Financing-Automobile,
26,Nut Dealers & Importers,
26,Stenographers-Publlc,
25,CONTRACTORS-ROAD,
25,Chalkstone ,
25,,
25,Mailing Boxes,
25,INFORMATION BUREAUS,
25,Brush Mfrs,
25,Jewelers-Wholesale and Importing,
25,Smelters & Refiners ,
25,NOVELTIES-MANUFACTURERS,
25,Appraisers,
25,ARTISTS-COMMERCIAL,
25,cm ERVICI,
25,ROMAN CATHOLIC,
25,Ladies' Tailors ,
25,BANDS and ORCHESTRAS,
25,NOVELTIES- MANUFACTURERS,
25,Insurance-Automobile,
25,Nwelties-Mfrs,
25,"jewelers, Supplies",
25,,
25,PAINT -RETAIL,
25,MUSIC TEACHERS,
25,REALTORS,
25,Trust Companies ,
25,CONFECTIONERY- RETAIL,
25,LOANS-AUTOMOBILE,
25,Leather Dealers,
25,,
25,Fire Insurance,
25,INVESTIGATORS,
25,Stocks & Bonds,
25,ACCOUNTANTS- ',
25,Gift Shops ,
25,Glass Dealers-Wlndow & Plate,
25,Sign Painters & Mfg,
25,EMPLOYMENT CONSULTANTS,
25,LOANS-COLLATERAL AND SALARY,
25,CONVALESCENT HOMES,
25,TAILORS-MERCHANTS,
25,WHOOLS- PAROCHIAL,
25,OSTEOPATHIC PHYSICIANS,
25,CONTRACTORS-BUILDING-GENERAL,
25,BOTTLERS-CARBONATED BEVERAGES,
25,CASUALTY COMPANY,
25,NOVELTIES-RETAIL,
25,,
25,ENGRAVERS-TEXTILE,
25,BOARDING HOUSES,
25,GIFT SHOPS ,
24,CONTRACTORS-MASON,
24,,
24,Stocks & Bonds,
24,Produce Dealers-Whoi,
24,Radio Broadcasting Stations,
24,Store Fixtures and Fittings,
24,DIAMONDS and PRECIOUS STONES ,
24,CHEMICAL MFRS,
24,"Adding, Calculating & Tabulating Machines",
24,OPTICAL GOODS-MFRS,
24,FURNITURE DEALERS- REPAIR,
24,SCHOOLS- PAROCHIAL,
24,Grocers' Sundries,
24,Bird & Pet Animal Dealers,
24,Heating & Ventilating-Contractors,
24,LAWYERS,
24,Furniture Dealers-Wholesale,
24,Druggists-Wholesale,
24,EMPLOYMENT AGENCIES,
24,CHEMICAIS-MANUFACTURERS,
24,Ice-Mfrs & Wholesale,
24,MUSIC AND MUSICAL INSTRUMENT DEALERS,
24,CHEMISTS-MFG,
24,ORGANIZATIONS-WELFARE,
24,CARPETS RUGS AND FLOOR COVERINGS-RETAIL,
24,STEEL AND STEEL PRODUCTS-DEALERS,
24,LUMBER-RETAIL,
24,PAWNBROKERS,
24,Artificial Flowers & Fruit Mfrs,
24,LIQUOR AND WINES RETAIL,
24,Theatres ,
24,SAUSAGE MFRS,
24,Hotel & Restaurant Supplies & Equipment,
24,,
24,LOANS-MORTGAGE,
24,Cap Mfrs ,
24,TINWARE MANUFACTURERS,
24,Oil Burners & Oil Burning Equipment,
24,PIANO TUNERS AND REPAIRERS,
24,ELECTRICAL EQUIPMENT AND SUPPLIES- DEALERS,
24,HEATING APPARATUS AND APPLIANCES,
24,Old Gold,
24,PARKS AND PLAYGROUNDS,
24,Steam Fitters ,
24,Box Mfrs-Paper,
24,ORGANIZATIONS-BENEVOLENT AND FRATERNAL,
24,SEWING MACHINE DEALERS,
24,Machinery Mirs,
24,Chemists-Consultlng,
24,AUTOMOBILE BODY REPAIRERS,
24,Loan & Trust Companies  Loans,
24,FLORISTS RETAIL- ,
24,Clothing Dealers-Seeond Hand,
24,Store Fixtures & Fittings,
24,Meats-Wholesale,
24,ADVERTISING AGENCIES,
24,CHURCH GOODS ,
24,Meats-Wholesale,
24,PLUMBING SUPPLIES-DEALERS,
24, Gift Shops ,
23,JEWELRY-WHOLE AND IMPORTING,
23,Bond Dealers,
23,"Paint, Oil & Varnish Dealers-- Retail ",
23,Manicures  Mfrs Agents,
23,SIGN PAINTERS and MANUFACTURERS,
23,MOVING VANS,
23,OPTOMETRISTS,
23,CONTRACTORS -ROOFING AND SIDNG,
23,MANUFACTURER'S REPRESENTATIVES,
23,WATCH,
23,Liquors-Wholesale,
23,GLASS MFRS,
23,CARPETS. RUGS and FLOOR,
23,DOUGHNUT SHOPS,
23,Macaroni Mfrs,
23,HOSPITALS,
23,BEVERAGE MFRS,
23,FOOD PRODUCTS MFRS,
23,FRUIT DEALERS-WHOLESALE AND BROKERS,
23,LUGGAGE,
23,"Paint, Oil & Varnish Dealers- Retail",
23,Enamelers ,
23,TAXICABS,
23,BOWLING ALLEYS,
23,"Badges, Checks & Medals",
23,FIRE EXTINGUISHERS,
23,ORGANIZATIONS- PATRIOTIC and VETERANS,
23,Sign PainterS-Mfrs,
23,Paint & Color Dealers-Wholesale,
23,,
23,ADVERTISING AGENCIES,
23,CONTRACTORS- PLASTERING,
23,Billiards and Pool,
23,Brokers-Stocks and Bonds,
23,,
23,INDUSTRIAL SUPPLIES,
23,REAL ESTATE,
23,PET SHOPS AND SUPPLIES,
23,Fish Dealers-Wholesale,
23,AND FINANCIAL SERVICES,
23,FURNITURE DEALERS-RETAIL,
23,"Doors, Sash & Trim ",
23,GREETING CARDS,
23,BARREL DEALERS,
23,CLUBS-SOCIAL,
23,,
23,LAUNDRIES-SELF SERVE,
23,PLATERS,
23,Furniture Dealers-Secondhand,
23,Produce Dealers-Wholesale,
23,Poultry & Game Breeders,
23,FRUIT DEALERS-WHOLESALE AND BROKERS,
23,MOVERS-HOUSEHOLD GOODS,
23,Insurance Companies,
23,Meats-Wholesale,
23,IMPORTERS,
23,TAILORS,
23,Chiropractic Physicians,
22,Ventilator Mfrs,
22,Engineers-Mechanical,
22,PLASTIC PRODUCERS,
22,Realtors,
22,DAIRY PRODUCTS -WHOLE SALE,
22,Box Mirs-Paper,
22,Pattern Makers,
22,FURNITURE-RETAIL,
22,MISSIONS,
22,COURT REPORTERS,
22,SELLS,
22,PARKS AND PLAYGROUNDS,
22,Contractors-Excavating and Grading,
22,GROCERS-WHOLE SALE,
22,LANDSCAPE GARDENERS,
22,Marine Insurance,
22,,
22,COFFEE ROASTERS,
22,BAKERS-RETAIL,
22,POULTRY DEALERS- RETAIL,
,Window Cleaners,
22,Wharves  ,
22,FUEL OIL,
22,Loans-Automobile,
22,Egg Dealers-Wholesale,
22,Electrical Equipment & Supplies-Dealers,
22,Intelligence Offices Interior Decorators,
22,JEWELRY BURNISHERS,
22,Department Stores,
22,Battery Mfrs,
22,ORGANIZATIONS - MISCELLANEOUS,
22,AUTOMOBILE BODY REPAIRS,
22,Grocers-Wholesale,
22,Department Stores,
22,Copper Dealers,
22,ARMORIES,
22,,
22,AIR,
22,TATTOOING,
22,BATTERY DEALERS AND SERVICE,
22,Designers,
22,,
22,Gift Shops,
22,"Insulating Materials-Electrical, Cold, Heat & Sound",
22,Clothing Dealers-Secondhand,
22,Contractors-Masom,
22,WATCHCLOCK AND JEWELRY REPAIRING,
22,Brokers-Stocks & Bonds,
22,Creditors Service,
22,BROKERS,
22,Newspapers ,
22,Department Stores,
22,Labor Organizations,
22,CARPETS RUGS and FLOOR -RETAIL,
22,BANDS AND ORCHESTRAS,
22,Rubber Goods Mfrs,
22,Welders and Brazers,
22,Expressing & Moving ,
22,HOUSE FURNISHINGS- RETAIL,
22,Department Stores,
22,Building Materials and Supplies,
22,HARDWARE DEALERS- RETAIL,
22,CONTRACTORS-PLASTERING,
22,TYPEWRITER REPAIRING,
22,Chemists-Analytical,
22,MUSICAL INSTRUMENT DEALERS,
22,Mill Engineers Supplies,
22,CONTRACTORS-PLASTERING,
22,FUNERAL DIRECTORS-,
21,"PACKAGING, CRATING AND SHIPPING",
21,Bus & Coach Lines-Motor,
21,WIRE GOODS MANUFACTURERS,
21,REAL ESTATE OWNERS AND DEALERS,
21,"Publishers-Book, Newspaper & Periodicals",
21, Corporations ,
21,Shoe Mfrs' Goods & Supplies,
21,CONTRACTORS- PLUMBING,
21,ORGANIZATIONS- ,
21,Produce Dealers--Wholesale,
21,Confectionery-Wholesale & Jobbers,
21,ELECTRICAL EQUIPMENT AND SUPPLIES-MFRS,
21,Delicatessens-Retail ,
21,FURNITURE REPAIRING,
21,Window Glass,
21,,
21,Bands and Orchestras,
21,Textile Mfrs-Yam,
21,OILS and LUBRICANTS-DEALERS ,
21,Paper Stock ,
21,BAIT DEALERS,
21,Tanks and Tubs-Wood and Steel,
21,CONTRACTORS-ROOFING AND SIDING,
21,CONTRACTORS- ELECTRICAL,
21,VETERANS,
21,WATCH CLOCK AND JEWELRY REPAIRING,
21,HOUSE FURNISHING GOODS- RETAIL,
21,FACTURING,
21,Battery Dealers & Service,
21,HALLS,
21,Intelligence Offices  Interior Decorators,
21,MEATS RETAIL,
21,LIBRARIES,
21,JEWELERS-WHOLESALE AND IMPORTING,
21,Trunk Mfrs,
21,,
21,ADVERTISING-OUTDOOR,
21,Philatelic Supplies,
21,INSURANCE ADJUSTERS,
21,COAL DEALERS -RETAIL,
21,Gift Shops ,
21,,
21,Bonds & Stocks,
21,Box Mfrs-Paper,
21,SHIPPERS,
21,Retail,
21,Bus & Coach Lines-Motor,
21,Bus & Coach Lines-Motor,
21,Repair Shops,
21,Heating Apparatus & Appliances ,
21,News Dealers-Wholesale,
21,UPHOLSTERERS,
21,HOMES and ASYLUMS,
21,-DEALERS,
21,CLINICS,
21,,
21,ORGANIZATIONS- WELFARE AND RELIEF,
21,ANTIQUES-DEALERS AND RESTORERS,
21,"Palnt, Oil & Varnish Dealers- Retail ",
21,GOLD BUYERS,
21,Dairy Products-Wholesale,
21,,
21,NUMISMATISTS,
21,MANUFACTURERS ' AGENTS,
21,ARMORED CAR SERVICE,
21,"ORGANIZATIONS- BUSINESS, CIVIC AND PROFESSIONAL",
21,LAWYERS ,
21,Automobile Laundries,
21,Artists ,
21,Fire Apparatus & Supplies,
21,"Women,s Apparel-Retail",
21,Life Insurance,
21,LISTS,
21,LOANS-PERSONAL,
21,Furnishing Goods  Gift Shops,
21,LAUNDRIES- SELF SERVE - ,
21,Wood Turners,
21,RADIO SETS-SALES and SERVICE,
21,INVESTMENT COMPANIES ,
21,HEATING APPARATUS and APPLIANCES,
21,CREMATORIES,
20,NOVELTIES-MANUFACTURERS,
20,Property Management,
20,PROVIDENCE CHAMBER OF COMMERCE,
20,GENERAL MERCHANDISE- USED,
20,Church Goods ,
20,Life Insurance,
20,JEWELERS' SUPPLIES,
20,Laundries-Self Serve,
20,Hat Cleaners & Blockers,
20,RETAIL,
20,,
20,Washing Machines-Dealers,
20,STEAMBOAT LINES,
20,SUPPLIES,
20,CONTRACTORS-ROOFING AND SIDING,
20,DAIRY STORE,
20,LOANS-COLLATERAL,
20,LANDSCAPE GARDENERS,
20,"Towel, Apron & Goat Supply",
20,Novelties-Wholesale,
20,Cotton Goods Converters ,
20,FLORISTS-RETAIL,
20,WAREHOUSES-MERCHANDISE,
20,Glass Mfrs,
20,UPHOLSTERERS,
20,Milk Dealers ,
20,WOMEN'S APPAREL-RETAIL,
20,Painting Contractors,
20,BUS STATIONS,
20,CONTRACTORS-SEWER AND DRAIN,
20,Jewelers' Supplies,
20,CHEMICALS-WHOLESALE,
20,DRAFTSMEN,
20,VETERANS,
20,MOTORCYCLE DEALERS,
20,Loans-Personal,
20,FORMS,
20,DANCING TEACHERS,
20,jewelers Supplies,
20,REAL ESTATE,
20,,
20,PHOTOPRINTING,
20,RADIO AND TELEVISION SETS SALES AND SERVICE,
20,Insurance Companies-Title,
20,SCHOOLS and COLLEGES,
20,Clubs-Athletic,
20,Publications,
20,BAKERS-RETAIL,
20,DRY GOODS -RETAIL,
20,Paint-Wholesale,
20,Barbers' Supplies,
20,Cigars & Tobacoo-Retail,
20,LOANS-COLLATERAL and SALARY,
20,OILS AND LUBRICANTS -DEALERS,
20,CONTRACTORB-SEWER and DRAIN,
20,Fish Dealers-Retall,
20,,
20,"Waste Dealers-Cotton, Silk & Wool",
20,BUILDING MATERIALS and SUPPLIES,
20,Brokers-Money,
20,Insulating Materials,
20,jewelERS SUPPLIES,
20,TIRE DEALERS and REPAIRERS,
20,BRIDAL SHOPS,
20,,
20,Iron and Steel Work,
20,Glass Dealers-Window and Plate,
20,COIN DEALERS AND NUMISMATIC SUPPLIES,
20,Corsetleres,
20,ANTIQUES,
20,FISH DEALERS-RETAIL,
20,Clothing-Mens-Retail,
20,STENOGRAPHERS-PUBLIC,
20,Chemists-Mfg,
20,Plastic Products-Mirs,
19,Gift Shops ,
19,OFFICE SUPPLIES AND UIPMENT,
19,Produce Dealers-Retall,
19,TRUCKING- ,
19,FOOD PRODUCTS MFRS PREPARED,
19,COVERINGS -RETAIL,
19,Storaqe,
19,"OII.S-CASTOR, COCONUT, LINSEED, RED and SOY BEAN OIL",
19,Mirs' Agents,
19,BAKERS-WHOLESALE AND MANUFACTURING,
19,DELICATESSEN-RETAIL,
19,SAUSAGE MANUFACTURERS,
19,Intelllgence Offices  Interior Decorators,
19,ELECTRICAL EQUIPMENT and SUPPLIES-MANUFACTURERS,
19,Women's Apparel-Retail,
19,Advertising Counsel and Service,
19,LIBRARY,
19,Contractors-Ploor Surfacing,
19,CONTRACTORS- MASON,
19,,
19,Button Mfrs,
19,FRUIT DEALERS-WHOLESALEAND BROKERS,
19,Window Screens  Window Shade Mfrs,
19,ELECTRIC MOTORS AND GENERATORS-DLRS AND REPAIRING,
19,DYE STUFFS,
19,PRODUCE DEALERS-RETAIL,
19,I'uneral Homes,
19,Engineers-Management,
19,TOOL MFRS,
19,"Publishers-Book, Newspaper & Periodicals",
19,AUTOMOBILE TRIMMERS and TRIMMINGS,
19,SCHOOL OF BUSINESS,
19,Paper Rulers,
19,,
19,RADIO AND TELEVISION REPAIRING,
19,Corporations Corsetleres,
19,,
19,Artificial Flowers & Fruit Mfrs,
19,Electric Motors-Repaired and Rebuilt,
19,ELECTRICAL EQUIPMENT AND SUPPLIES-MFRS,
19, NEWS DEALERS,
19,HOUSE CLEANERS,
19,,
19,jewelery Supplies,
19,FINANCIAL PLANNING,
19,PHYSICIANS AND SURGEONS- OSTEOPATHIC,
19,YARNS-MFRS,
19,OPTICAL GOODS MFRS,
19,Ice Cream Manufacturers,
19,Well Drillers & Borers,
19,CLEANERS AND DRYERS,
19,LOAN MORTGAGE,
19,AUTOMOBILE SEAT COVER DEALERS,
19,Painters-Automobile & Carriage,
19,,
19,Hotels,
19,News Deal,
19,Machinery Dealers,
19,Enamelers ,
19,INVESTMENT COMPANIES,
19,REGALIA MFRS,
19,Loans-Collateral & Salary ,
19,LAW OFFICES- ,
19,HAIRDRESERS,
19,Enamelers ,
19,SONS CO INC,
19,Heating Apparatus and Appliances,
19,CENTREDALE,
19,ADVERTISING NOVELTIES,
19,SIGN PAINTERS AND MANUFACTURERS,
19,CHECKING ACCOUNTS,
19,ORGANIZATIONS-BUSINI'BS. CIVIC AND PROFESIONAL,
19,BOILER MANUFACTURERS,
19,ENGINEERS-ELECTRICAL,
19,Yarns-Retail,
19,TURERS AND WHOLESALE,
19,AUTOMOBILE DEALERS- BEECROFT CHEVROLET HONDA CAR,
19,DUPLICATING MACHINES,
19,ORGANIZATIONS-WELFARE and RELIEF,
19,COVERINGS -'RETAIL,
19,,
19,Industrial Supplies,
18,,
18,"Carpets, Bugs and Floor Coverings-Retail",
18,DIAPER SUPPLY SERVICE,
18,Plumbing Supplies-Dealets,
18,Soap Mfrs,
18,PROPERTIES,
18,Grocers-W'holesale,
18,OFFICE SUPPLIES AND EQUIPMENT,
18,Seeds-Wholesale,
18,Market Gardeners,
18,Box Dealers,
18,BOOKS-RETAIL,
18,PARKS AND PLAYGROUNDS,
18,WATCECLOCK AND JEWELRY REPAIRING,
18,,
18,"CARPETS, RUGS AND FLOOR COVERINGS-RETAIL",
18,Brewers,
18,TELEPHONE,
18,HARDWARE DEAIERS-RETAIL,
18,PAINTING,
18,,
18,GERSHKOFF MDY AND RADIATOR CO.,
18,"Badges, Checks and Medals",
18,SMELTERS and REFINERS,
18,GRINDING AND SHARPENING,
18,Rubber Goods-Wholesale,
18,Automobile Accessories & Parts -Wholesale & Jobbers,
18,Theatres,
18,CUTLERY MFRS,
18,JEWELRY MFRS- ROYAL OF AMERICA,
18,Dental Laboratories,
18,,
18,Fuel Dealers,
18,Engineers-Civll,
18,MARKETS-PUBLIC,
18,Loans-Collateral and Salary,
18,CONTRACTORS -MASON,
18,ANTIQUES-DEALERS AND REPAIRERS,
18,HAfRDRESSERS,
18,PRODUCE DEALERS-WHOLESALE,
18,ICE CREAM AND FROZEN DESSERTS-DEALERS,
18,Mill Supnlies,
18,JEWELRY-WHOLESALE AND IMPORTING,
18,ARTISTS' MATERIALS,
18,Harriso,
18,TURING,
18,PHYSICAL THERAPISTS,
18,CERAMIC PRODUCTS,
18,Automobile Washing and Polishing,
18,SCREW MFRS,
18,Insurance Reporting,
18,ARCHITECTS,
18,,
18,Dancing Academies & Teacher's,
18,Paint & Color Mfrs ,
18,Windows and Doors-Combination,
18,Automobile Top Mfrs,
18,POULTRY DEALERS-RE'I'AIL,
18,,
18,"CARPETS, BUGS AND FLOOR COVERINGS- RETAIL",
18,Automobile Accessories and Parts-Wholesale and Jobbers,
18,,
18,,
18,Steam & Hot Water Heating Apparatus ,
18,OPTICAL GOODS-MANUFACTURERS,
18,Cigar & Tobacco-Retail,
18,,
18,BAPTIST,
18,Heating Apparatus & Appliances ,
18,WOOD PRODUCTS MFRS,
18,Fence Mfrs,
18,FUNERAL HOMES,
18,BUSINESS MACHINES-SALES AND SERVICE,
18,WINDOWCLEANERS,
18,DAY N URSERIES,
18,Textile Machinery Specialties- Mfrs,
18,TAILORS -MERCHAN TS,
18,WELDERS and BRAZERS,
18,Physical Culture,
18,Numismatists,
18,OILS and LUBRICANTS,
18,Intellilgence Offices  Interior Decorators,
18,Contractors-Excavating & Grading,
18,Artists' Materials & Supplies,
18,,
18,News Dealers,
18,FRUIT DEALERS-WHOLESALE ,
18,Perfume Mfrs  Personal Loans,
18,HARDWARE DEALERS-v-RETAIL,
18,DELICATESSEN-RETAIL ,
17,"ORGANIZATIONS- BUSINESS , PROFESSIONAL and CIVIC",
17,Humidifiers,
17,Steam Fitters' Supplies ,
17,Insulating Materials,
17,Cheese Mfrs,
17,MACHINE SHOPS,
17,Masons' Building Materials,
17,BAKERS-WHOLESALE,
17,"Embroidery, Hemstitching & Stamping",
17,Brokers,
17,Hardware Dealers-Wholesale & J obbers,
17,Gents' Furnishings Goods  Gift Shops,
17,Produce Dealers-Wholewale,
17,Sheet Metals,
17,Churches,
17,Notaries Public,
17,ASPHALT DEALERS,
17,Laundries-Ghinese,
17,FUR DEALERS AND FURRIERS,
17,Books-Retail,
17,MEATS-retail,
17,Gap Mfrs ,
17,Steamboat Lines ,
17,Smelters & Reiiners ,
17,,
17,AUTOMOBILE ACCESSORIES AND PARTS-REPAIRS,
17,Venetian Blinds,
17,"Publishers-Book, Newspaper & Periodical",
17,,
17,,
17,,
17,,
17,"CLOTHING-CHILDREN'S and INFANTS, -RETAIL",
17,Loans-collateral and Salary,
17,TAILORS-CONTRACTING,
17,Loans-dcollateral & Salary ,
17,Loan & Trust Companies ,
17,Loans-Collateral and Salary,
17,PRODUCE DEALERS- RETAIL,
17,,
17,Clothing Dealers-Men's & Boys' -Retail,
17,"JEWELERS', SUPPLIES",
17,PHYSICIANS and SURGEONS- OSTEOPATHIC,
17,Artists-commercial,
17,Costumers,
17,Chemists-Mig,
17,LITHOGRAPHERS,
17,SCHOOLS AND COLLEGES- JOHNSON & WALES UNIVERSITY CENTER FOR CONTINUING,
17,TRADING STAMP COMPANIES,
17,Grinding & Sharpening,
17,Brass Finishers,
17,BOOKS --RETAIL,
17,Multigraphing,
17,BADGES AND IDENTIFICATION CARDS,
17,FLORISTS-retail,
17,Interior DeCOrators,
17,Toys & Games-Retall,
17,RFBTAURANTS,
17,HOBBY SHOPS AND SUPPLIES,
17,Yeast Mfrs,
17,CONTRACTORS -PLASTER1NG,
17,Meats-Wholesale,
17,Awnings & Tents-Mirs & Dealers,
17,SCHOOLS AND COLLEGES,
17,CON TRAC TORS--MASON,
17,"TOOLS, DIES, JIGS AND FIXTURES",
17,CLOTHING-RENTAL,
17,Mfrs A'gents,
17,PAPER PRODUCTS MFRS,
17,Steel and Steel Products- Dealers ,
17,,
17,ORGANIZATIONS- PATRIOTIC AND VETERANS,
17,NEWS SERVICE BUREAUS,
17,BLACKSMITHS,
17,Diamonds &. Precious Stones ,
17,,
17,Intelligence Offices  Interior Decorators,
17,Real Estate Titles Examined and Guaranteed,
17,CHIROPRACTORS,
17,,
17,Clothing-Chlldren's and Infants' -Retall,
17,ANODIZING,
17,HOUSEHOLD AfPLIANCES- DEALERS,
17,Asbestos Shingles,
17,"CARPETS, HUGS and FLOOR COVERINGS-RETAIL",
17,,
17,,
17,ARTISTS-COMMERCIAL,
17,Plumbing Supplies-Mfrs,
17,BILLIARD ROOM SUPPLIES,
17,SUPPLlES- DEALERS,
17,Textile Mfrs-Cotton Goods,
17,Yarns-Wholesale,
17,jewelry Burnishers,
17,CHEMICALS-WHOLESALE,
17,INTERIOR DECORATORS AND DESIGNERS,
17,Hay & Straw Dealers,
17,Starch Mfrs,
17,,
17,LAUNDRIES AND DRY CLEANERS,
17,Coppersmiths,
17,"Waste Dealers-cotton, Silk & Wool",
17,Food Products Mfrs-Prepared,
17,FUND RAISERS,
17,,
17,Forwarding Agents,
17,GARBAGE COLLECTION SERVICE,
17,HOSPITALS and DISPENSARIES,
17,ORTHOPEDIC APPLIANCES,
17,HEATING APPARATUS and APPLIANCES,
17,FACTURES,
17,"OLSON-MACKENZIE FUNERAL HOME,",
17,DAIRIES,
17,,
17,"Publishers-Boork, Newspaper & Periodical",
17,Food Products Mirs-P'repared,
16,Lacqer Manufacturers ,
16,VICE,
16,insurance Brokers,
16,Pickle Mfrs,
16,Awnings & Tents-Mfrs & Dealers,
16,TICKET AGENCIES,
16,Hat & Cap Dealers-Retail,
16,SURVEYORS-LAND,
16,Liquor-Wholesale,
16,Glass Dealers-Window & Plate,
16,Brokers-Pood Products,
16,NUTS-EDIBLE-DEALERS,
16,"Publishers-Book, Newspaper & Periodical",
16,AMUSEMENT COMPANIES,
16,MANUFACTURERS REPRESENTATIVE,
16,Fruit Dealers--Wholosale & Brokers,
16,VIDEO MOVIES-SALES AND RENTALS,
16,Textile MIrs-Woolen & Worsted Goods,
16,Banks & T'rust Companies ,
16,MACHINERY DEALERS,
16,OFFICE SUPPLIES AND EQUIPMENT ,
16,ARCHITECTURE,
16,Credit Unions,
16,EQUIPMENT,
16,Brokers-Note,
16,Plumbing Supplies-Dealers,
16,Oil Burners,
16,,
16,DICTATING MACHINES,
16,Department Stores,
16,CONVENTS,
16,CUTLERY MANUFACTURERS,
16,PLlES - MANUFACT URERS,
16,WALL PAPER-RETAIL,
16,DE LICATE SSE N- RETAIL ,
16,DAIRY STORES- ,
16,Knit Goods-Retail,
16,Paper Dealers-Print & Wraping,
16,TEACHERS,
16,CONTRACTORS-ROOFING AND SIDING,
16,LABORATORIES,
16,GIFT SHOPS,
16,Plumbing Supplies-Dealers,
16,SERVICE INC,
16,BROKERS-STOCKS AND BONDS,
16,General Merchandise-Retail,
16,Textile Mtrs-cotton Goods,
16,Christian Science Practitioners,
16,Sporting Goods-Retall,
16,FINANCE COMPANIFE,
16,STEVEDORE COMPANIES,
16,FAC TUBING,
16,APPLIANCES,
16,Textile Mirs-Cotton Goods,
16,SALVAGE COMPANIES,
16,PHOTOGRAPHERS-COMMERCIAL,
16,DAY CARE CENTERS,
16,Electrical Equipment & Supplies -Mfrs,
16,HOUSE FURNISHING GOODS- RETAIL,
16,HOSPITALS AND DISPENSARIES,
16,ARMATURE RE-WINDING,
16,REST HOMES,
16,Clothing-Used,
16,CONFECTIONERY-WHOLESALE,
16,LOANS-COLLATERAL and,
16,BAKERS-WHOLESALE and MANUFACTURING,
16,CONTRACTORS-PAINTING AND DECORATING,
16,TRAVELERS' CHECKS RHODE ISLAND HOSPITAL TRUST,
16,,
16,Steam Pitters' Supplies ,
16,ELECTRICAL APPLIANCES- SALES AND SERVICE,
16,AND PLATE,
16,Textile Mfrs-Woolen Worsted Goods,
16,Rubber Goods-Mfrs,
16,SOLDER AND SOLDERING FLUXMFRS,
16,FISH AND SEA FOOD DEALERS- RETAIL,
16,Rug & Carpet Cleaners,
16,Textile Mfrs-Braids & Tapes,
16,Picture Frames & Pictures- Dealers,
16,"Carpets, Rugs & Floor Coverings --Wholesale",
16,Electric Lighting Fixtures,
16,DAIRY PRODUCTS-retail,
16,BROKERS-MONEY,
16,BARBER and BEAUTY SHOP EQUIPMENT and SUPPLIES,
16,Pappr Dealers-Print & Wrap- ping,
16,HOME MAINTENANCE SERVICE,
16,,
16,TOILET ARTICLES and SUPPLIES,
16,Stoves & Ranges-Retail,
16,LIQUOR AND WINES-WHOLESALE,
16,"Carpets, Rugs and Floor Cover. ings-Retail",
16, CONTRACTORS-MASON,
16,MEATS-WHOLEALE,
16,Wire Goods Mfrs,
16,,
16,STEEL FABRICATORS,
16,Undertakers' Supplies,
16,BAG MANUFACTURERS,
16,Land Companies  ,
16,PAlNT-RETAIL ,
16,ANGELONE,
16, LOANS,
16,Pounders-Iron & Steel,
16,Foresters,
16,Bus & Coach Lines-Motor,
16,OPTICAL GOODS- MANUFAC- TURERS,
15,DE LICATESSEN-RETAIL,
15,NOVELTIES-WHOLESALE,
15,Gorsetieres,
15,"Pipe Fittings, Hangers & Valves",
15,Automobile Liveries  Automobile Loans,
15,,
15,GLASS MANUFACTURERS,
15,Bottlers-lC'arbonated Beverages,
15,HOMES AND SANITARIUMS,
15,OIL BURNERS-SALES AND SERVICE,
15,N ovelties-Wholesale,
15,Charles,
15,CIGARS AND TOBACCO-RETAIL,
15,Church Goods ,
15,Yarns-Mfrs & Whol,
15,ENGINEERS- CIVIL,
15,"Carpets, Bugs and Floor Coverings-Retail",
15,Clothing-Used,
15,CONSULTING,
15,TOYS AND GAMES-RETAIL,
15,ELECTRICAL EQUIPMENT AND SUPPLIES-MANUFACTURERS,
15,EMPLOYMEN T AG ENCIES,
15,Stenographers-Public,
15,BUILDING MATERIALS AND SUPPLIES,
15,EGG DEALERS-WHOLE,
15,RENTAL AGENTS,
15,BANKING OFFICES PROVIDENCE-MAIN OFFICE,
15,ORGANIZATIONS-BUSINESS,
15,Women's Apparel-Retail,
15,BUILDINGS-OFFICE AND PUBLIC,
15,MERCANTILE AGENCIES,
15,HOUSEHOLD APP LIANC ES- DEALERS,
15,COLLECTIONS,
15,COMPANIES,
15,Insurance Companies-Liabillty,
15,BROKERS-MERCHANDISE,
15,Clothing-Children's and Infants'-Retail,
15,SECRETARIAL SERVICE,
15,Real Estate Appraisers,
15,LAUNDRY SELF SERVE,
15,STORAGE ,
15,RHODE ISLAND AFFILIATE INC,
15,Yarns-Mirs & Wholesale,
15,YARNS-WHOLESALE,
15,HEAT TREATING,
15,HOUSE FURNISHING Goons- RETAIL,
15,Yarns-Mirs & Wholesale ',
15,FIRE PROTECTION SERVICE,
15,AUTOMOBILE WASHING AND POLISHING,
15,NORTH PROVIDENCE,
15,Title Guarantee Companies,
15,Ladies Tailors  ,
15,BUILDERS,
15,Diamonds & Precious Stones,
15,,
15,Textile Mirs-Woolen Worsted Goods,
15,COMLMUNITY CENTERS,
15,ARTISTS ,
15,,
15,OPTICAL GOODS-MANUFACTUR-\nERS,
15,JITSU INSTRUCTION,
15,BUFFING AND POLISHING,
15,Polish Mfrs,
15,Jewelry Solderers INSIGNIA SPE CIALISTS,
15,GLASS DEALERS- WINDOW AND PLATE,
15,PER I OD I CALS,
15,LAND COMPANIES ,
15,ATTORNEYS-AT- LAW,
15,Polish Manufacturers,
15,HYGIENE LABORATORY,
15,PHONOGRAPHS and RECORDS- DEALERS,
15,Contractors-Paving  Contractors-Plastering,
15,Starch Manufacturers,
15,RADIO BROADCASTING STATIONS,
15,OPTICIANS -RETAIL,
15,Household Appliances,
15,ICE CREAM MANUFAC TURERS,
15,Department Stores 5c to 51.00,
15,,
15,RADIO AND TELEVISION SETS-SALES AND SERVICE,
15,TELEX,
15,Goal Dealers-Wholesale,
15,TIRE DEALERS AND REPAIRING,
15,MACHINE RY DEALERS,
15,"Carpets, Rugs & Floor Coverings -Wholesale",
15,FIRE ALARM SYSTEMS,
15,jewelERS-WHOLESALEAND IMPORTING,
15,E,
15,CONTRACTORS- INSULATING,
15,Sanitariums,
15,Textile MIrs-Woolen Worsted Goods,
15,jewelry BURNISKERS,
15,Dental Supplies & Equipment,
15,Chemicals-Mirs,
15,,
15,GENERAL MERCHANDISE RETAIL,
15,jewelERS-WHOLESALEAND IMPORTING,
15,RADIO and TELEVISION REPAIRING,
15,Stone & Pearl Setters ,
15,FOREIGN EXCHANGE AND PASSAGE AGENTS,
15,,
15,THEATRE,
15,BOOKS-RETAIL,
15,Organizations-Patriotic,
15,Weavers & Re-Weavers-Garment,
15,Ladies' Tailors ,
15,SCREW HACEINE PRODUCTS,
15,BANDS AND ORCHESTRAS,
15,DELICATESEN-RETAIL,
15,Fruit Dealers-Wholesale and Brokers,
15,ELECTRICAL EQUIPMENT AND SUPPLIES-DEALERS,
15,CHURCH GOODS,
14,Confectioners-Mfg,
14,Mortgage Title Insurance,
14,COTTON DEALERS,
14,Paper Box Mfrs ,
14,TEMPERATURE CONTROL SYSTEMS,
14,Furniture Mfrs,
14,Chemicals-Retail & Wholesale,
14,Radiator Repairers-Automoblle,
14,Adjusters,
14,,
14,SCREW MACHINE PRODUCTS,
14,BOTTLERS- CARBONATED BEVERAGES,
14,Engineers-civil,
14,Musical Instrument Dealers  ,
14,Yarns-Mirs,
14,Mortgages-Real Estate,
14,AUCTIONEERS,
14,Savings & Loan Associations,
14,,
14,Typewritlng Machines-Dealers,
14,Corsetieres,
14,ENGINEERS-MANAGEMENT,
14,ENGRAVERS-JEWELRY,
14,STAMPING WORKS AND DIE,
14,Goal DeaI-Wholesale,
14,RADIO AND TELEVISION BROADCASTING COMPANIES AND STATIONS,
14,DANCING SCHOOLS AND TEACHERS,
14,Automobiles,
14,LANDSCAPE ARCHITECTS,
14,Automobile Dealers-Commercial Cars & Trucks,
14,,
14,Engravers-Jewelry,
14,BUILDING MAINTENANCE,
14,TEXTILE MFRS,
14,AUTOMOBILE DRIVING INSTRUCTION,
14,LIQUOR and WINES-WHOLESALE,
14,Flour Dealers-Wholesale & Brokers,
14,AUTOMOBILE ACCESSORIES and PARTS -WHOLESALE and JOBBERS,
14,ENGINEERS-OONSULTING,
14,FUEL AND RANGE OIL,
14,MANUFACTURERS REPRHENTATIV ,
14,ASSOCIATES,
14,MATERIAL HANDLING EQUIPMENT,
14,SEWER CLEANERS,
14,ARTISTS,
14,Engineers-Civil,
14,Clothing Dealers-Second Hand,
14,"Coal , Dealers-Wholesale",
14,Millitary Goods-Wholesale,
14,Loans-Collateral & Salary ,
14,Battery Dealers and Service,
14,,
14,Theatres,
14,TELEGRAPH COMPANY,
14,ORGANIZATIONS- WELFARE AND RELIEF,
14,Shoe Dealers-Wholesale & Jobbers,
14,Stoves & Ranges-Retall,
14,Loans-Collateral & Salary ,
14,Bedding Mfrs,
14,Plastic Products-Mfrs,
14,Worsted & Merino Goods-Mirs,
14,Ring Travelers,
14,ENGRAVERS- jewelry,
14,PRINTERS,
14,CASTING MFRS,
14,Loans,
14,TRIMMINGS,
14,GENERAL MERCHANDISE -RETAIL,
14,Electrotypers & Stereotypers,
14,MAIL ORDER HOUSES,
14,MUSIC AND MUSICAL INSTRUMENTS-DEALERS,
14,Iron & Steel Dealers,
14,Builders,
14,Dairies,
14,Stathners-Retail ,
14,EMPLOYMENT AGENCIES,
14,Machinists,
14,WINDOW CLEANERS,
14,Stationers-Mig ,
14,-Chemicals--Retail & Wholesale,
14,Homes and Asylum,
14,Elevator Mfrs,
14,SAFE DEPOSIT VAULTS,
14,Artist,
14,"Pounders-Brass, Bronze, Aluminum ",
14,,
14,Hardware Dealers-Wholesale & Jobbers,
14,Advertising Novelties,
14,LIQUOR DEALERS-WHOLESALE,
14,,
14,HEALTH CARE SERVICE,
14,OILS AND LUBRICANTS- DEALERS,
14,Food Products-Mirs,
14,Stove Repairs,
14,AIR LINE COMPANIES,
14,ELECTRICAL EQUIPMENT AND SUPPLIES- DEALERS,
14,Exterminators-Bug & Vermin,
14,TIRE DEALERS AND REPAIRING,
14,LOANS-COLLATERAL AND SALARY,
14,Weather Strip Mfrs,
14,METAL STAMPING ,
14,Advertising Counsel & Service,
14,Miry Agents,
14,BOOKS- RETAIL,
14,Opticians-Wholesale,
14,Asphalt Paving Cement,
14,NOTARIES PUBLIC,
14,Courtland,
14,Business Machines,
14,Asbestos Goods and Materials,
14,BEER DISTRIBUTORS,
14,Stencils & Stamps,
14,Textile MIrs-Woolen & Worsted,
14,FINANCIAL AGENTS,
14,fire Insurance,
14,BUS and COACH LINES,
14,Paper Products Mfrs,
14,Clothing Dealer - Second Hand,
14,ENGINEERS- CONSULTING,
14,MEDICINES,
14,Charcoal,
14,OPTICIANS -RETAIL,
14,GROCER- AND MEATS-REI'AIL ,
14,House Furnishing Goods-Reftail,
14,Silverware,
14,Sporting Goods-Wholesale,
14,Trucks,
14,DIAMONDS AND PRECIOUS STONES,
14,DRY GOODS-WHOL,
13,Typesetting-Machine Composition,
13,Dyers & Cleaners  Dyestuffs,
13,Stationers-Mig ,
13,LUGGAGE-DEALERS AND REPAIRERS,
13,Wall P-aper-Retail,
13,Embalmers,
13,DELICAT ESSEN- RETAIL,
13,MACHINERY , MFRS
13,Mausoleums,
13,BROKERS-CUSTOM HOUSE,
13,DELICAT ESSEN- RETAIL,
13,Insurance Companies-Automobile,
13,Life Insurance Companies,
13,REAL ESTATE- METRO PROPERTIES,
13,Monumental Works,
13,VENETIAN BLINDS-DEALERS,
13,LABORATORIES,
13,Livery & Boarding Stables,
13,SPRING MANUFACTURERS,
13,YARNS- MANUFACTUR ms ',
13,COAL DEALERS-WHOLESALE,
13,Monumental Works,
13,Insurance-Marine,
13,CHEMICALS-rMANUFACTURERS,
13,LOANS-COLLATERAL AND SALARY,
13,Clock Mfrs,
13,TOOL MFRS AND DISTRIBUTORS ,
13,POLISHING,
13,SIGN PAINTERS  AND MFRS,
13,TRUCKS- LEASING,
13,RUBBER STAMPS AND SEALS,
13,Shipsmiths  Shirt Mfrs,
13,HARDWARE-RE'I'AIL,
13,N ewspapers ,
13,Brokers-Merchandise,
13,Engineers-Consulting,
13,RETAIL,
13,Insurance iGompanies-Liability,
13,Textile M1rs--Yar,
13,Bakers-WhOIesale,
13,SLIPPER MANUFACTURERS,
13,POULTRY DEALERSU-RETAIL,
13,Ice Cream Dealers,
13,Furniture Loans,
13,Contractors-Sewer and Drai,
13,BUFFING AND POLISHING,
13,Disinfectant Mfrs,
13,Stationers-Mtg ,
13,Steel Fabricators,
13,Refrigerators-Sales and Service,
13,Model Makers  Monumental Works,
13,Ladies Tailors ,
13,Insurance Companies-Jdabilitv,
13,Fire Insurahce,
13,BROKERS-STOCKS and BONDS ,
13,Enamelers ,
13,PA PER STOCK,
13,Insulation-Rock Wool,
13,SMELTERS AND REFINERS,
13,Installment Goods,
13,Purniture Loans,
13,Bowling Alleys ,
13,Stationers-Retall ,
13,NURSERYMEN,
13,Bodksellers,
13,Nut Dealers and Importers,
13,0verhead Doors,
13,Bakers-Wholwale,
13,SCALE MANUFACTURERS,
13,Newspapers,
13,SILVERSMITH OF AMERICA INC,
13,JEWELRYMFRS,
13,Real Estate Owners & Dealers,
13,Hostery-Retail,
13,BRANCH OFFICES,
13,Insurance Gompanles-Casualty,
13,Automatic Sprinkler Systems,
13,Theatres),
13,ICE CREAM and FROZEN DESSERTS-DEALERS,
13,TELEVISION EQUIPMENT-SALES and SERVICE,
13,DEPARTMENT STORES- W to,
13,OIL COMPANIES,
13,DRY GOODS-RETAIL- ,
13,LIBRARY FLANAGAN CAMPUS,
13,,
13,CIGAR MANUFACTURERS,
13,Sugar Refiners,
13,- Fowl Products Mirs-ePrepared,
13,FLORISTS-WHOLESALE,
13,Weavers & Reweavers Garment,
13,PORTERS AND WHOLESALE,
13,FUNERAL DIRECTORS' SUPPLIES,
13,Buildlng Maintenance Specialties,
13,Insurance Companies-Liability,
13,COMPUTERS-SOFTWARE AND SERVICES,
13,AUTOMOBILE ACCESSORIES AND PARTS-MFRS,
13,Stenographers-Public,
13,Homes & Asylums,
13,Cigar Mfrs,
13,Insurance Companies-Burial,
13,,
13,Insurance Companies-Liability,
13,HOUSEHOLD APPLIANCES-DEALERS,
13,KITCHEN CABINETS,
13,Scale Repairing & Testing,
13,ALUMINUM PRODUCTS DEALERS,
13,LAUNDRIES,
13,,
13,BUREAU,
13,PARKS AND PLAYGROUNDS,
13,Engineers-Civil,
13,TEXTILE MANUFACTURERS,
13,Insurance Companies-Liabillty,
13,NURSERY,
13,Tag Mfrs,
13,Insurance Companies- Casualty,
13,PAPER DEALERS- PRINT- WHOLESALE ,
13,Engineers-Chemical,
13,Motorcycle Dealers,
13,Bottle Dealers,
13,Credlt Jewelers,
13,,
13,HUCKSTERS,
13,DEPARTMENT STORES,
13,HOUSE FURNISHING GOODS- WHOLESALE,
13,VENDING HACHINIB,
13,SALES PROMOTION SERVICE,
13,AUTOMOBILE INSURANCE,
13,Diamonds & Precious Stdnes ,
13,"Sash, Windows, Doors & Trim- Dealers ",
13,CONTRACTORS-ROOFING,
13,Excavating Contractors,
13,GROCERIES AND MEATS RETAIL,
13,Textile MIrs-Yar,
13,DELIVERY SERVICE,
12,Glass Dealers-Stained & Leaded,
12,FURNITURE DEALERS-USED,
12,Loans-Mortgage,
12,PAPER DEALERS-WRAPPING- WHOLESALE,
12,National Banks,
12,IRON and STEEL WORK,
12,Post Office,
12,CONTRACTOR SHEET METAL,
12,Solder and Soldering Fluxes,
12,Contractor Concrete,
12,OFFICE SUPPLIES AND EQUIPMENT,
12,HEARiNG AIDS,
12,GENERAL MERCHANDISE-USED,