,Index,Address,City,Clean_Header,Company_Name,Conf_Score,File_List,Header,Text
0,10,1145 RESERVOIR AVE,PROVIDENCE,ACCOUNT PUBLIC,Catoni Louis,100.0,"['cd1978/entry/1978_Page_70 (1)_21.png', 'cd1978/entry/1978_Page_70 (1)_22.png', 'cd1978/entry/1978_Page_70 (1)_23.png', 'cd1978/entry/1978_Page_70 (1)_24.png', 'cd1978/entry/1978_Page_70 (1)_25.png']",ACCOUNT PUBLIC,"Catoni Louis 1145 Reservoir Av Cranston R I (02920) Tel 944-4450 & Co 533 Industrial Bank Bldg 111 Westminster St (02903), Te) (401) 751- 7511"
1,18,480 BENEFIT ST,PROVIDENCE,ACCOUNT CONTD,Picchione Nicholas & Co,100.0,['cd1978/entry/1978_Page_70 (2)_5.png'],ACCOUNT CONTD,Picchione Nicholas & Co 480 Benefit St
2,43,36 OLNEYVILLE SQ,PROVIDENCE,ACCOUNTANTS-PUBLIC,Della Ventura Guy,100.0,['cd1978/entry/1978_Page_70 (2)_38.png'],ACCOUNTANTS—PUBLIC,Della Ventura Guy 36 Olneyville Sq Rm 5
3,60,347 MARVIN ST,PROVIDENCE,ACCOUNTANTS-PUBLIC,"Kaufman Miller & Company 300 Old Colony Bldg,",84.0,"['cd1978/entry/1978_Page_70 (3)_20.png', 'cd1978/entry/1978_Page_70 (3)_21.png', 'cd1978/entry/1978_Page_70 (3)_22.png']",ACCOUNTANTS—PUBLIC—CONTD,"Kaufman Miller & Company 300 Old Colony Bldg, 347 Main St (Pawtucket, R I; 02862), Tel 725-8300"
4,93,36 KENNEDY PLZ,PROVIDENCE,ACCOUNTANTS-PUBLIC,Tabulex,96.0,['cd1978/entry/1978_Page_71 (1)_26.png'],ACCOUNTANTS—PUBLIC—CONTD,Tabulex 36 Kennedy Plaza Rm 516
5,127,36 KENNEDY PLZ,PROVIDENCE,ADVERTISING AGENCIES,Lorimer John A,96.0,['cd1978/entry/1978_Page_71 (2)_3.png'],ADVERTISING AGENCIES—CONTD,Lorimer John A 36 Kennedy Plaza Rm 415
6,149,36 KENNEDY PLZ,PROVIDENCE,ADVERTISING—DIRECT MAIL,Baker W F Co Inc,96.0,['cd1978/entry/1978_Page_71 (2)_42.png'],ADVERTISING—DIRECT MAIL,Baker W F Co Inc 36 Kennedy Plaza Rm 206
7,164,32 WESTMINSTER ST,PROVIDENCE,AIRCRAFT CHARTER AND RENTAL SERVICE,De Hauilland Aircraft Leasing Co,100.0,"['cd1978/entry/1978_Page_71 (3)_7.png', 'cd1978/entry/1978_Page_71 (3)_8.png']",AIRCRAFT CHARTER AND RENTAL SERVICE,De Hauilland Aircraft Leasing Co 32 Westminster St Rm 600
8,173,156 WARREN AVE,PROVIDENCE,AMBULANCE SERVICE,EAST PROVIDENCE AMBULANCE CO,100.0,"['cd1978/entry/1978_Page_71 (3)_32.png', 'cd1978/entry/1978_Page_71 (3)_33.png']",AMBULANCE SERVICE,"EAST PROVIDENCE AMBULANCE CO 156 Warren Av (02914), Tel 434-3500"
9,220,347 PINE ST,PROVIDENCE,APARTMENTS AND TOWN HOUSES,Bellini Apts,100.0,['cd1978/entry/1978_Page_72 (1)_46.png'],APARTMENTS AND TOWN HOUSES,Bellini Apts 347 Pine St
10,302,7 BROWNELL ST,PROVIDENCE,APARTMENTS AND TOWN HOUSES,Hillcrest Apartments,100.0,['cd1978/entry/1978_Page_72 (2)_51.png'],APARTMENTS AND TOWN HOUSES CONTD,Hillcrest Apartments 7 Brownell St
11,420,36 KENNEDY PLZ,PROVIDENCE,Architects,Lambarghini & Pipka Architects,96.0,"['cd1978/entry/1978_Page_73 (1)_34.png', 'cd1978/entry/1978_Page_73 (1)_35.png']",ARCHITECTS,Lambarghini & Pipka Architects 36 Kennedy Plaza Rm 517
12,427,12 ARNOLD CT,PROVIDENCE,Architects,Read Bruce C,100.0,['cd1978/entry/1978_Page_73 (1)_47.png'],ARCHITECTS,Read Bruce C 12% Arnold St
13,486,48 NORTH K ST,PROVIDENCE,ARTISTS,Halit Hussein,87.5,['cd1978/entry/1978_Page_73 (2)_46.png'],ARTISTS,Halit Hussein 48 N Court St
14,548,36 KENNEDY PLZ,PROVIDENCE,ARTISTS-COMMERCIAL,Kendrick Dave Design,96.0,"['cd1978/entry/1978_Page_73 (3)_29.png', 'cd1978/entry/1978_Page_73 (3)_30.png']",ARTISTS—COMMERCIAL,Kendrick Dave Design 36 Kennedy Plaza Rm 406
15,558,36 KENNEDY PLZ,PROVIDENCE,ARTISTS-COMMERCIAL,Patzer Paul,96.0,['cd1978/entry/1978_Page_73 (3)_42.png'],ARTISTS—COMMERCIAL,Patzer Paul 36 Kennedy Plaza Rm 411
16,559,11 BROOKSIDE AVE,PROVIDENCE,ARTISTS-COMMERCIAL,Peckham Adele M Mrs,100.0,['cd1978/entry/1978_Page_73 (3)_43.png'],ARTISTS—COMMERCIAL,Peckham Adele M Mrs 11 Brookside Av
17,571,1309 TURKS HEAD PL,PROVIDENCE,ATTORNEY,Gardner Sawyer Cottam Gates Day & Sloan *,93.0,"['cd1978/entry/1978_Page_73 (3)_68.png', 'cd1978/entry/1978_Page_73 (3)_69.png', 'cd1978/entry/1978_Page_73 (3)_70.png']",*ATTORNEYS,"Gardner Sawyer Cottam Gates Day & Sloan * 1309 Turks Head Bldg, (02903), Tel 421- 7 5927  id"
18,578,24 MASON AV,PROVIDENCE,AUDIO-VISUAL AIDS,W SB E TV (Board Of Regents),100.0,['cd1978/entry/1978_Page_74 (1)_5.png'],AUDIO—VISUAL AIDS,W SB E TV (Board Of Regents) 24 Mason St
19,598,100 ANGELICO ST,PROVIDENCE,AUTHORS AND COMPOSERS,Simister Florence P Mrs,88.0,['cd1978/entry/1978_Page_74 (1)_26.png'],AUTHORS AND COMPOSERS,Simister Florence P Mrs 100 Angeli St Apt 2
20,640,38 ORIENTAL ST,PROVIDENCE,AUTOMOBILE ACCESSORIES and PARTS -WHOLESALE and JOBBERS,Wholesale Auto Parts Inc,100.0,['cd1978/entry/1978_Page_74 (2)_7.png'],AUTOMOBILE ACCESSORIES AND PARTS— WHOLESALE AND JOBBERS—CONTD,Wholesale Auto Parts Inc 38 Oriental St
21,645,448 DYER ST,PROVIDENCE,AUTOMOBILE BODY REPAIRERS,AMERICAN AUTO BODY INC,100.0,"['cd1978/entry/1978_Page_74 (2)_14.png', 'cd1978/entry/1978_Page_74 (2)_15.png', 'cd1978/entry/1978_Page_74 (2)_16.png']",AUTOMOBILE BODY REPAIRERS,"AMERICAN AUTO BODY INC 448 Dyer Av (Cranston, 02920), Tel 944-9724 Or 944-1134"
22,671,456 FOUNTAIN ST,PROVIDENCE,AUTOMOBILE BODY REPAIRERS,RALPH & SONS AUTO BODY CO,100.0,"['cd1978/entry/1978_Page_74 (2)_52.png', 'cd1978/entry/1978_Page_74 (2)_53.png', 'cd1978/entry/1978_Page_74 (2)_54.png']",AUTOMOBILE BODY REPAIRERS,"RALPH & SONS AUTO BODY CO 456 Fountain St (02903), Tel 621-8899 (See Index To Advertisers)"
23,694,633 WASHINGTON ST,PROVIDENCE,AUTOMOBILE DEALERS,GOLDMAN PAUL DODGE,100.0,"['cd1978/entry/1978_Page_74 (3)_6.png', 'cd1978/entry/1978_Page_74 (3)_7.png', 'cd1978/entry/1978_Page_74 (3)_8.png', 'cd1978/entry/1978_Page_74 (3)_9.png']",AUTOMOBILE DEALERS—CONTD,"GOLDMAN PAUL DODGE 633 Washington St Rt 1 (S Attleboro Mase; 02703), Tel (617) 761-5200 (See Index To Advertisers)"
24,708,446 PUTNAM PIKE,PROVIDENCE,AUTOMOBILE DEALERS,SCUNCIO CHEVROLET INC,89.5,"['cd1978/entry/1978_Page_74 (3)_38.png', 'cd1978/entry/1978_Page_74 (3)_39.png', 'cd1978/entry/1978_Page_74 (3)_40.png']",AUTOMOBILE DEALERS—CONTD,SCUNCIO CHEVROLET INC 446 Putnam Pike Rt 44 (Greenville 02828) Tel 949-2300
25,711,766 BROADWAY,PROVIDENCE,AUTOMOBILE DEALERS,STEINGOLD PONTIAC,100.0,"['cd1978/entry/1978_Page_74 (3)_43.png', 'cd1978/entry/1978_Page_74 (3)_44.png', 'cd1978/entry/1978_Page_74 (3)_45.png']",AUTOMOBILE DEALERS—CONTD,"STEINGOLD PONTIAC 766 Broadway (Pawtucket; 02862), Tel 723-4700 (See Index To Advertisers)"
26,728,734 HARTFORD AVE,PROVIDENCE,AUTOMOBILE DEALERS- USED CARS,Eastern Motors,100.0,['cd1978/entry/1978_Page_74 (3)_71.png'],AUTOMOBILE DEALERS— USED CARS,Eastern Motors 734 Hartford Av
27,761,1332 WEST RIVER PKWY,PROVIDENCE,AUTOMOBILE FINANCING,CHRYSLER CREDIT CORP,81.0,"['cd1978/entry/1978_Page_75 (1)_26.png', 'cd1978/entry/1978_Page_75 (1)_27.png', 'cd1978/entry/1978_Page_75 (1)_28.png']",*AUTOMOBILE FINANCING,"CHRYSLER CREDIT CORP 1332 Fall River Hwy (Seekonk, Ma; 02771), Tel (617) 336-6220"
28,774,27 RAILROAD AVE,PROVIDENCE,Automobile Parking,Depot Parking Grounds,100.0,['cd1978/entry/1978_Page_75 (1)_56.png'],AUTOMOBILE PARKING,Depot Parking Grounds 27 Railroad St
29,800,101 STILLMAN ST,PROVIDENCE,Automobile Parking,Park N Lock,100.0,['cd1978/entry/1978_Page_75 (2)_9.png'],AUTOMOBILE PARKING—CONTD,Park N Lock 101 Stillman St
30,824,633 WASHINGTON ST,PROVIDENCE,AUTOMOBILE RENTING AND LEASING,GOLDMAN PAUL DODGE,100.0,"['cd1978/entry/1978_Page_75 (2)_43.png', 'cd1978/entry/1978_Page_75 (2)_44.png', 'cd1978/entry/1978_Page_75 (2)_45.png', 'cd1978/entry/1978_Page_75 (2)_46.png']",AUTOMOBILE RENTING AND LEASING,"GOLDMAN PAUL DODGE 633 Washington St Rt 1 (S Attleboro Mass; 02703), Tel (617) 761-5200 (See Index To Advertisers)"
31,996,150 GRANITE ST,PROVIDENCE,BANKS,",",100.0,['cd1978/entry/1978_Page_76 (3)_11.png'],BANKS—CONTD PEOPLE'S BANK—CONTD,"Westerly, Te) 596-7741, 150 Granite"
32,1007,2073 SMITH ST,PROVIDENCE,BRANCH OFFICES ATWELLS AVENUE,N PROVIDENCE,100.0,"['cd1978/entry/1978_Page_76 (3)_49.png', 'cd1978/entry/1978_Page_76 (3)_50.png']",BRANCH OFFICES ATWELLS AVENUE,N PROVIDENCE 2073 SMITH ST
33,1009,445 PUTNAM PIKE,PROVIDENCE,BANKS—SAVINGS,",",100.0,['cd1978/entry/1978_Page_76 (3)_76.png'],*BANKS—SAVINGS,"Tel 722-0250, 445 Putnam Pike,"
34,1010,375 WARWICK AV,PROVIDENCE,BANKS—SAVINGS,",",87.0,['cd1978/entry/1978_Page_76 (3)_80.png'],*BANKS—SAVINGS,"Tel 739-9260, 375 Warwick Mall,"
35,1011,36 KENNEDY PLZ,PROVIDENCE,BANKS AND TRUST COMPANIES,American Institute Of Banking Prov Chapter,96.0,"['cd1978/entry/1978_Page_77 (1)_3.png', 'cd1978/entry/1978_Page_77 (1)_4.png']",BANKS AND TRUST COMPANIES,American Institute Of Banking Prov Chapter 36 Kennedy Plaza Rm 412
36,1020,4550 SILVER LAKE AVE,PROVIDENCE,BANKS AND TRUST COMPANIES,-,83.5,['cd1978/entry/1978_Page_77 (1)_31.png'],BANKS AND TRUST COMPANIES,"521-4550, Silver Lake Office 732"
37,1029,4410 WASHINGTON PL,PROVIDENCE,BANKS AND TRUST COMPANIES,-,84.5,['cd1978/entry/1978_Page_77 (2)_12.png'],BANKS AND TRUST COMPANIES CONTD,"847-4410 8 Washington Square,"
38,1030,275 NEWPORT ST,PROVIDENCE,BANKS AND TRUST COMPANIES,",",83.5,['cd1978/entry/1978_Page_77 (2)_21.png'],BANKS AND TRUST COMPANIES CONTD,"Tel 683-1800, 275 Newport Avenue,"
39,1031,1220 POINT STREET BRG,PROVIDENCE,BANKS AND TRUST COMPANIES,",",81.0,['cd1978/entry/1978_Page_77 (2)_26.png'],BANKS AND TRUST COMPANIES CONTD,"828-5330, 1220 Main Street, West"
40,1049,286 MARVIN ST,PROVIDENCE,BANKS AND TRUST COMPANIES,PAWTUCKET TRUST COMPANY AND REGIONAL LIBRARY CENTER,84.0,"['cd1978/entry/1978_Page_77 (2)_53.png', 'cd1978/entry/1978_Page_77 (2)_54.png', 'cd1978/entry/1978_Page_77 (2)_55.png', 'cd1978/entry/1978_Page_77 (2)_56.png']",BANKS AND TRUST COMPANIES CONTD,"PAWTUCKET TRUST COMPANY AND REGIONAL LIBRARY CENTER 286 Main st (Pawtucket, 02860), Tel 724- 5000 (See Index To Advertisers)"
41,1051,445 PUTNAM PIKE,PROVIDENCE,BANKS AND TRUST COMPANIES,",",100.0,['cd1978/entry/1978_Page_77 (2)_69.png'],BANKS AND TRUST COMPANIES CONTD,"Tel 722-0250, 445 Putnam Pike,"
42,1052,375 WARWICK AV,PROVIDENCE,BANKS AND TRUST COMPANIES,",",87.0,['cd1978/entry/1978_Page_77 (2)_73.png'],BANKS AND TRUST COMPANIES CONTD,"Tel 739-9260, 375 Warwick Mall,"
43,1058,501 POINT STREET BRG,PROVIDENCE,CONTD,),80.5,"['cd1978/entry/1978_Page_77 (3)_9.png', 'cd1978/entry/1978_Page_77 (3)_10.png', 'cd1978/entry/1978_Page_77 (3)_11.png']",CONTD,434 SMITH STREET (02908) 501 NORTH MAIN STREET (02904)
44,1096,121 WAVELAND AVE,PROVIDENCE,BARBER SHOPS,Genesis Hair Style For Women & Men,94.5,"['cd1978/entry/1978_Page_77 (3)_66.png', 'cd1978/entry/1978_Page_77 (3)_67.png']",BARBER SHOPS,Genesis Hair Style For Women & Men 121 Wavland Av
45,1267,47 OLNEYVILLE SQ,PROVIDENCE,Beauty Shops,Gallo’s Beauty Salon,100.0,['cd1978/entry/1978_Page_78 (3)_26.png'],BEAUTY SHOPS—CONTD,Gallo’s Beauty Salon 47 Olneyville Sq
46,1349,6 OLNEYVILLE SQ,PROVIDENCE,Beauty Shops,Playgir! Beauty Salon Of Prov,100.0,['cd1978/entry/1978_Page_79 (1)_53.png'],BEAUTY SHOPS—CONTD,Playgir! Beauty Salon Of Prov 6 Olneyville Sq
47,1366,28 OLNEYVILLE SQ,PROVIDENCE,Beauty Shops,Serro’s Beauty Salon,100.0,['cd1978/entry/1978_Page_79 (1)_76.png'],BEAUTY SHOPS—CONTD,Serro’s Beauty Salon 28 Olneyville Sq
48,1498,125 HIGGINS AVE,PROVIDENCE,BUILDING BLOCK MFRS,"CORRADO ANTHONY INC (Concrete And Masslite Blocks),",90.0,"['cd1978/entry/1978_Page_80 (2)_22.png', 'cd1978/entry/1978_Page_80 (2)_23.png', 'cd1978/entry/1978_Page_80 (2)_24.png', 'cd1978/entry/1978_Page_80 (2)_25.png']",*BUILDING BLOCK MFRS,"CORRADO ANTHONY INC (Concrete And Masslite Blocks), 125 Higginson Av (Lincoln 02865) Tel 723-7600 (See Index To Advertisers)"
49,1543,125 CHARLES ST,PROVIDENCE,BUILDINGS-OFFICE AND PUBLIC,Canal House Ofc Bldg,100.0,['cd1978/entry/1978_Page_80 (3)_14.png'],BUILDINGS—OFFICE AND PUBLIC CONTD,Canal House Ofc Bldg 125 Charles St
50,1600,36 OLNEYVILLE SQ,PROVIDENCE,BUILDINGS-OFFICE AND PUBLIC,Irons Block,100.0,['cd1978/entry/1978_Page_80 (3)_87.png'],BUILDINGS—OFFICE AND PUBLIC CONTD,Irons Block 36 Olneyville Sq
51,1669,20 OLNEYVILLE SQ,PROVIDENCE,BUILDINGS-OFFICE AND PUBLIC,Smith Building,100.0,['cd1978/entry/1978_Page_81 (1)_82.png'],BUILDINGS—OFFICE AND PUBLIC,Smith Building 20 Olneyville Sq
52,1683,32 WESTMINSTER ST,PROVIDENCE,BUILDINGS-OFFICE AND PUBLIC,Thirty-Two Westminster Street Building,100.0,"['cd1978/entry/1978_Page_81 (2)_3.png', 'cd1978/entry/1978_Page_81 (2)_4.png']",BUILDINGS—OFFICE AND PUBLIC,Thirty-Two Westminster Street Building 32 Westminster St
53,1685,68 KENNEDY PLZ,PROVIDENCE,BUILDINGS-OFFICE AND PUBLIC,Thompson Building,96.0,['cd1978/entry/1978_Page_81 (2)_6.png'],BUILDINGS—OFFICE AND PUBLIC,Thompson Building 68 Kennedy Plaza
54,1692,30 OLNEYVILLE SQ,PROVIDENCE,BUILDINGS-OFFICE AND PUBLIC,Wales Building,100.0,['cd1978/entry/1978_Page_81 (2)_15.png'],BUILDINGS—OFFICE AND PUBLIC,Wales Building 30 Olneyville Sq
55,1707,44 LEADING ST,PROVIDENCE,BURGLAR AND FIRE ALARM SYSTEMS,HOME & COMMERCIAL SECURITY,80.0,"['cd1978/entry/1978_Page_81 (2)_36.png', 'cd1978/entry/1978_Page_81 (2)_37.png', 'cd1978/entry/1978_Page_81 (2)_38.png']",BURGLAR AND FIRE ALARM SYSTEMS,"HOME & COMMERCIAL SECURITY 44 Blanding Rd, (Rehoboth Mass, 02769), Tel 33¢-8833"
56,1747,3 TOWER ST,PROVIDENCE,CABINETMAKERS,Westcott Edward C Cabinet Maker,92.5,"['cd1978/entry/1978_Page_81 (3)_13.png', 'cd1978/entry/1978_Page_81 (3)_14.png']",CABINETMAKERS,Westcott Edward C Cabinet Maker 3 Towner St
57,1790,1155 WEST ST,PROVIDENCE,CASTING MFRS,Danish Silveramith Inc The,100.0,"['cd1978/entry/1978_Page_82 (1)_7.png', 'cd1978/entry/1978_Page_82 (1)_8.png']",CASTING MFRS,Danish Silveramith Inc The 1155 W
58,1798,43 DYERVILLE AV,PROVIDENCE,CASTING MFRS,JAY INC,100.0,"['cd1978/entry/1978_Page_82 (1)_19.png', 'cd1978/entry/1978_Page_82 (1)_20.png']",CASTING MFRS,"JAY INC 43 Dyerville Av 02919), Tel 361-0100"
59,1801,13 DESOTO ST,PROVIDENCE,CASTING MFRS,Lajon Castings Inc,87.5,['cd1978/entry/1978_Page_82 (1)_23.png'],CASTING MFRS,Lajon Castings Inc 13 De Soto St
60,1839,3 DAGGETT CT,PROVIDENCE,INC,NOTRE DAME Y,80.5,"['cd1978/entry/1978_Page_82 (2)_18.png', 'cd1978/entry/1978_Page_82 (2)_19.png', 'cd1978/entry/1978_Page_82 (2)_20.png']",INC,"NOTRE DAME  Y 3%9 Deggett Av (Pawtucket, R I; 62861), Tel (401) 725-1333"
61,1843,401 RESERVOIR AVE,PROVIDENCE,INC,Te.nple Beth E?} Cemetery,100.0,['cd1978/entry/1978_Page_82 (2)_30.png'],INC,Te.nple Beth E?} Cemetery 401 Reservoir Av
62,1844,87 PUTNAM PIKE,PROVIDENCE,CERAMIC PRODUCTS,CERAMIC CITY INC,89.5,"['cd1978/entry/1978_Page_82 (2)_33.png', 'cd1978/entry/1978_Page_82 (2)_34.png', 'cd1978/entry/1978_Page_82 (2)_35.png']",CERAMIC PRODUCTS,"CERAMIC CITY INC 87 Putnam Pike, 02919), Tel (401) 231-"
63,1848,100 BECKER AVE,PROVIDENCE,Chain Mfrs,CONCORD MANUFACTURING CORP,91.0,"['cd1978/entry/1978_Page_82 (2)_41.png', 'cd1978/entry/1978_Page_82 (2)_42.png']",CHAIN MFRS,"CONCORD MANUFACTURING CORP 100 Beker St (02905), Tel 461-1329"
64,1858,506 BENEFIT ST,PROVIDENCE,CHEMICAL DEALERS,Organic Chemical Corp,100.0,['cd1978/entry/1978_Page_82 (3)_2.png'],CHEMICAL DEALERS,Organic Chemical Corp 506 Benefit St.
65,1871,02903 TELL ST,PROVIDENCE,Chemicals-Whol,MANN GEORGE & CO INC Municipal Bivd (,86.0,"['cd1978/entry/1978_Page_82 (3)_19.png', 'cd1978/entry/1978_Page_82 (3)_20.png', 'cd1978/entry/1978_Page_82 (3)_21.png']",CHEMICALS—WHOL,"MANN GEORGE & CO INC Municipal Bivd (02903), Tel"
66,1908,430 WEYBOSSET ST,PROVIDENCE,CHURCHES AND SYNAGOGUES,Cathedral Of Saints Peter & Paul,90.5,"['cd1978/entry/1978_Page_83 (1)_9.png', 'cd1978/entry/1978_Page_83 (1)_10.png']",CHURCHES AND SYNAGOGUES—CONTD,Cathedral Of Saints Peter & Paul 430 Weyboaset St
67,2044,206 CAMDEN AVE,PROVIDENCE,CLEANERS and DYERS,Eagle Cleansers,100.0,['cd1978/entry/1978_Page_83 (3)_31.png'],CLEANERS AND DYERS,Eagle Cleansers 206 Camden Av
68,2173,92 SHOVE ST,PROVIDENCE,CLERGYMEN,Iannone Raphael Rev,91.0,['cd1978/entry/1978_Page_84 (1)_81.png'],CLERGYMEN,Iannone Raphael Rev 92 Hove St
69,2182,54 DELMAR ST,PROVIDENCE,CLERGYMEN,Knorr James W Rev,100.0,['cd1978/entry/1978_Page_84 (2)_2.png'],CLERGYMEN—CONTD,Knorr James W Rev 54 Delmar Av
70,2183,901 ATWELLS AVE,PROVIDENCE,CLERGYMEN,Lambert Joseph J Rev,100.0,['cd1978/entry/1978_Page_84 (2)_3.png'],CLERGYMEN—CONTD,Lambert Joseph J Rev 901 Atwells Av
71,2267,1 RANDALL SQ,PROVIDENCE,CLINICS,Biofeedback Center,83.5,['cd1978/entry/1978_Page_84 (2)_88.png'],CLINICS,Biofeedback Center 1 Randall Sq Suite 302
72,2274,1 RANDALL SQ,PROVIDENCE,CLINICS,Moshassuck Medical Center,100.0,['cd1978/entry/1978_Page_84 (3)_5.png'],CLINICS—CONTD,Moshassuck Medical Center 1 Randall Sq
73,2347,2 WAYLAND SQ,PROVIDENCE,CLOTHING-RETAIL,Olevson Helen Inc,100.0,['cd1978/entry/1978_Page_85 (1)_48.png'],CLOTHING—RETAIL—CONTD,Olevson Helen Inc 2 Wayland Sq
74,2358,3 OLNEYVILLE SQ,PROVIDENCE,CLOTHING-RETAIL,Sam’s Clothes Shop,100.0,['cd1978/entry/1978_Page_85 (1)_61.png'],CLOTHING—RETAIL—CONTD,Sam’s Clothes Shop 3 Olneyville Sq
75,2366,50 OLNEYVILLE SQ,PROVIDENCE,CLOTHING-RETAIL,Trader Dick Prep Shop,100.0,['cd1978/entry/1978_Page_85 (1)_73.png'],CLOTHING—RETAIL—CONTD,Trader Dick Prep Shop 50 Olneyville Sq
76,2392,20 WESTMINSTER ST,PROVIDENCE,Clubs,Automobile Club Of Rhode Island,100.0,"['cd1978/entry/1978_Page_85 (2)_10.png', 'cd1978/entry/1978_Page_85 (2)_11.png']",CLUBS,Automobile Club Of Rhode Island 20 Westminster St
77,2529,1848 SMITH ST,PROVIDENCE,SUPPLIES AND EQUIPMENT,Fanny Farmer Candies,100.0,"['cd1978/entry/1978_Page_86 (1)_47.png', 'cd1978/entry/1978_Page_86 (1)_48.png']",CONFECTIONERS’ SUPPLIES AND EQUIPMENT,Fanny Farmer Candies 1848 Smith St (N
78,2559,36 OLNEYVILLE SQ,PROVIDENCE,CONSULTANTS,Junction Human Service Corp The,100.0,"['cd1978/entry/1978_Page_86 (2)_31.png', 'cd1978/entry/1978_Page_86 (2)_32.png']",CONSULTANTS—CONTD,Junction Human Service Corp The 36 Olneyville Sq Rm 1
79,2626,90 CALVERLY ST,PROVIDENCE,CONTRACTORS-BUILDING- GENERAL ,GILBANE BUILDING. COMPANY,95.0,"['cd1978/entry/1978_Page_86 (3)_55.png', 'cd1978/entry/1978_Page_86 (3)_56.png']",CONTRACTORS—BUILDING— GENERAL,"GILBANE BUILDING. COMPANY 90 Calverley St (02908), Tel 751-2700"
80,2633,80 GLOBE ST,PROVIDENCE,CONTRACTORS-BUILDING- GENERAL ,Leeming A H & Sons Of Rhode Island Inc,100.0,"['cd1978/entry/1978_Page_86 (3)_71.png', 'cd1978/entry/1978_Page_86 (3)_72.png']",CONTRACTORS—BUILDING— GENERAL,Leeming A H & Sons Of Rhode Island Inc 80 Globe St
81,2655,38 NORTH K ST,PROVIDENCE,CONTRACTORS-BUILDING- GENERAL ,Sterling Engineering & Construction Co Inc,87.5,"['cd1978/entry/1978_Page_87 (1)_19.png', 'cd1978/entry/1978_Page_87 (1)_20.png']",CONTRACTORS—BUILDING— GENERAL CONTD,Sterling Engineering & Construction Co Inc 38 N Court St
82,2825,90 DEPINEDO ST,PROVIDENCE,CONTRACTORS-MASON,Pirolli Rugiero A,91.0,['cd1978/entry/1978_Page_87 (3)_58.png'],CONTRACTORS—MASON,Pirolli Rugiero A 90 De Pinedo St
83,2847,51 DEPINEDO ST,PROVIDENCE,CONTRACTORS-PAINTING AND DECORATING,Caputo James Painting Co,91.0,['cd1978/entry/1978_Page_87 (3)_79.png'],CONTRACTORS—PAINTING AND DECORATING,Caputo James Painting Co 51 De Pinedo St ©
84,2861,15 MARIA AVE,PROVIDENCE,CONTRACTORS-PAINTING AND DECORATING,De Cesare Anthony C,100.0,['cd1978/entry/1978_Page_88 (1)_12.png'],CONTRACTORS—PAINTING AND DECORATING—CONTD,De Cesare Anthony C 15 Maria Av
85,2874,42 DESOTO ST,PROVIDENCE,CONTRACTORS-PAINTING AND DECORATING,- Gentile Mario E,87.5,['cd1978/entry/1978_Page_88 (1)_25.png'],CONTRACTORS—PAINTING AND DECORATING—CONTD,- Gentile Mario E 42 De Soto St
86,3059,28 BISHOP HILL RD,PROVIDENCE,COSTUME JEWELRY,Rankin Harold Inc,85.5,['cd1978/entry/1978_Page_89 (1)_59.png'],COSTUME JEWELRY,Rankin Harold Inc 28 Bishop St
87,3063,101 MARVIN ST,PROVIDENCE,CREDIT BUREAUS,C T 1 REPORTS,84.0,"['cd1978/entry/1978_Page_89 (1)_69.png', 'cd1978/entry/1978_Page_89 (1)_70.png', 'cd1978/entry/1978_Page_89 (1)_71.png']",*CREDIT BUREAUS,"C T 1 REPORTS 101 Main St (Pawtucket, 02860), Tel 723-2819 (See Index To Advertisers)"
88,3071,1052 PARK ST,PROVIDENCE,CREDIT UNIONS,PROVIDENCE TEACHERS CREDIT UNION,100.0,"['cd1978/entry/1978_Page_89 (2)_35.png', 'cd1978/entry/1978_Page_89 (2)_36.png', 'cd1978/entry/1978_Page_89 (2)_37.png', 'cd1978/entry/1978_Page_89 (2)_38.png']",CREDIT UNIONS,"PROVIDENCE TEACHERS CREDIT UNION 1052 Park Av, (Cranston; 02910), Tel 944-6783 (See Index To Advertisers)"
89,3114,39 BISHOP HILL RD,PROVIDENCE,Dairy Products-Wholesale,New Vermont Creamery Co,85.5,['cd1978/entry/1978_Page_89 (3)_30.png'],DAIRY PRODUCTS—WHOL,New Vermont Creamery Co 39 Bishop St
90,3143,102 PATERSON ST,PROVIDENCE,DAY NURSERIES,Lincoln Nursery School,100.0,['cd1978/entry/1978_Page_90 (1)_10.png'],DAY NURSERIES,Lincoln Nursery School 102 Paterson St
91,3286,1 RANDALL SQ,PROVIDENCE,Dentists,Siegel Jason C,83.5,['cd1978/entry/1978_Page_90 (3)_15.png'],DENTISTS—CONTD,Siegel Jason C 1 Randall Sq Suite 405
92,3300,30 OLNEYVILLE SQ,PROVIDENCE,Dentists,Wasilewski Edw J,100.0,['cd1978/entry/1978_Page_90 (3)_31.png'],DENTISTS—CONTD,Wasilewski Edw J 30 Olneyville Sq Rm 2
93,3317,52 OLNEYVILLE SQ,PROVIDENCE,DEPARTMENT STORES,People’s Department Store,100.0,['cd1978/entry/1978_Page_90 (3)_59.png'],DEPARTMENT STORES,People’s Department Store 52 Olneyville Sq
94,3476,36 KENNEDY PLZ,PROVIDENCE,DUPLICATING MACHINES,Adstat Service Co,96.0,['cd1978/entry/1978_Page_91 (3)_44.png'],DUPLICATING MACHINES AND SUPPLIES,Adstat Service Co 36 Kennedy Plaza Rm 200
95,3517,158 PROVIDENCE PL,PROVIDENCE,ELECTRICAL EQUIPMENT AND SUPPLIES-MFRS,TOWER MANUFACTURING CORP,81.5,"['cd1978/entry/1978_Page_92 (1).chop_39.png', 'cd1978/entry/1978_Page_92 (1).chop_40.png', 'cd1978/entry/1978_Page_92 (1).chop_41.png']",ELECTRICAL EQUIPMENT AND SUPPLIES—MFRS,"TOWER MANUFACTURING CORP 158 Pine St, Providence, R I (02903), Tel (401). 331-2380"
96,3529,7 WOODLAND ST,PROVIDENCE,ELECTRONIC EQUIPMENT AND SUPPLIES,Staffall Inc,100.0,['cd1978/entry/1978_Page_92 (2).chop_3.png'],ELECTRONIC EQUIPMENT AND SUPPLIES—CONTD,Staffall Inc 7 Woodland St
97,3559,24 DESOTO ST,PROVIDENCE,ENAMELERS,De Soto Soft Enameling Co Inc Rear,87.5,"['cd1978/entry/1978_Page_92 (2).chop_69.png', 'cd1978/entry/1978_Page_92 (2).chop_70.png']",ENAMELERS,De Soto Soft Enameling Co Inc Rear 24 De Soto St
98,3625,18 WOODLAND TER,PROVIDENCE,Entertainment Bureaus,Artists International,100.0,['cd1978/entry/1978_Page_93 (1)_27.png'],ENTERTAINMENT BUREAUS,Artists International 18 Woodland Ter
99,3681,10 NORTH HOWARD AVE,PROVIDENCE,FIRE PROTECTION SERVICE,Grinnell Fire Protection Systems Co Inc,82.0,"['cd1978/entry/1978_Page_93 (3)_2.png', 'cd1978/entry/1978_Page_93 (3)_3.png']",FIRE PROTECTION SERVICE,Grinnell Fire Protection Systems Co Inc 10th F] Howard Bldg
100,3861,210 TAUNTON AVE,PROVIDENCE,Funeral Directors ,SCOTT FUNERAL HOME,100.0,"['cd1978/entry/1978_Page_95 (1)_31.png', 'cd1978/entry/1978_Page_95 (1)_32.png', 'cd1978/entry/1978_Page_95 (1)_33.png']",FUNERAL DIRECTORS—CONTD,"SCOTT FUNERAL HOME 210 Taunton Av (East Providence, 02914), Tel 434- 2600 (See Index To Advertisers)"
101,3869,210 TAUNTON AVE,PROVIDENCE,Funeral Directors ,WILLIAMS J H & CO INC,100.0,"['cd1978/entry/1978_Page_95 (1)_43.png', 'cd1978/entry/1978_Page_95 (1)_44.png', 'cd1978/entry/1978_Page_95 (1)_45.png']",FUNERAL DIRECTORS—CONTD,"WILLIAMS J H & CO INC 210 Taunton Av (East Providence, 02914), Tel 434- 2600 (See Index To Advertisers)"
102,3928,739 HARTFORD AVE,PROVIDENCE,FURNITURE FINISHERS,Pinto R J Co,100.0,['cd1978/entry/1978_Page_95 (2)_39.png'],FURNITURE FINISHERS,Pinto R J Co 739 Hartford Av
103,3942,194 BARTON ST,PROVIDENCE,FURNITURE-RETAIL,"GARREAU FURNITURE INC (Div Of Ferland Corp),",100.0,"['cd1978/entry/1978_Page_95 (2)_61.png', 'cd1978/entry/1978_Page_95 (2)_62.png', 'cd1978/entry/1978_Page_95 (2)_63.png']",FURNITURE—RETAIL,"GARREAU FURNITURE INC (Div Of Ferland Corp), 194 Barton St (Pawtucket, R I; 02861), Tel 723-5100"
104,3972,75 GRAND VIEW AVE,PROVIDENCE,GARBAGE COLLECTION SERVICE,Fontes Louis Trucking,100.0,['cd1978/entry/1978_Page_95 (3)_13.png'],GARBAGE COLLECTION SERVICE,Fontes Louis Trucking 75 Grand View St
105,3977,1595 MENDON ST,PROVIDENCE,GAS—BOTTLED,VALLEY PROPANE (Division Of Valley Gas),100.0,"['cd1978/entry/1978_Page_95 (3)_22.png', 'cd1978/entry/1978_Page_95 (3)_23.png', 'cd1978/entry/1978_Page_95 (3)_24.png']",GAS—BOTTLED,VALLEY PROPANE (Division Of Valley Gas) 1595 Mendon Rd (Cumberland RI 02864) Tel 333-1595
106,4086,1524 SMITH ST,PROVIDENCE,GASOLINE STATIONS,""" Service Station",100.0,"['cd1978/entry/1978_Page_96 (1)_89.png', 'cd1978/entry/1978_Page_96 (1)_90.png']",GASOLINE STATIONS—CONTD,""" Service Station 1524 Smith St (N"
107,4137,739 HARTFORD AVE,PROVIDENCE,GIFT SHOPS,Pinto's Gift Shoppe,100.0,['cd1978/entry/1978_Page_96 (2)_71.png'],GIFT SHOPS,Pinto's Gift Shoppe 739 Hartford Av
108,4210,3 LUONGO MEMORIAL SQ,PROVIDENCE,GROCERIES AND MEATS- RETAIL,Decature Spa,100.0,['cd1978/entry/1978_Page_97 (1)_21.png'],GROCERIES AND MEATS— RETAIL CONTD,Decature Spa 3 Luongo Memorial Sq
109,4322,20 BROWNELL ST,PROVIDENCE,HALLS,State Veterans’ Memorial Auditorium,100.0,"['cd1978/entry/1978_Page_97 (2)_65.png', 'cd1978/entry/1978_Page_97 (2)_66.png']",HALLS,State Veterans’ Memorial Auditorium 20 Brownell St
110,4326,386 DYER ST,PROVIDENCE,Hardware Mfrs,MANCINI J HARDWARE CO,100.0,"['cd1978/entry/1978_Page_97 (2)_74.png', 'cd1978/entry/1978_Page_97 (2)_75.png']",*HARDWARE,"MANCINI J HARDWARE CO 386 Dyer Av (Cranston, 02910) Tel 944-2740"
111,4327,28 BISHOP HILL RD,PROVIDENCE,Hardware Mfrs,W T W Inc,85.5,['cd1978/entry/1978_Page_97 (2)_77.png'],HARDWARE MFRS,W T W Inc 28 Bishop St
112,4403,1 MOULTON LN,PROVIDENCE,Hotels,Bell Hotel Inc (Side Entrance),100.0,['cd1978/entry/1978_Page_98 (1)_56.png'],HOTELS,Bell Hotel Inc (Side Entrance) 1 Moulton St
113,4474,28 BISHOP HILL RD,PROVIDENCE,INDUSTRIAL SUPPLIES,Industrial Foundry Mills Inc,85.5,['cd1978/entry/1978_Page_98 (3)_35.png'],INDUSTRIAL SUPPLIES,Industrial Foundry Mills Inc 28 Bishop St
114,4488,36 KENNEDY PLZ,PROVIDENCE,INSURANCE,Adams-Riker Inc,96.0,['cd1978/entry/1978_Page_98 (3)_72.png'],INSURANCE,Adams-Riker Inc 36 Kennedy Plaza Rm 500
115,4556,32 WESTMINSTER ST,PROVIDENCE,INSURANCE,Garrahan William H & Co Inc,100.0,"['cd1978/entry/1978_Page_99 (2)_32.png', 'cd1978/entry/1978_Page_99 (2)_33.png']",INSURANCE—CONTD,Garrahan William H & Co Inc 32 Westminster St Rm 201
116,4677,687 PARK AVE,PROVIDENCE,Insurance Agents,PAOLA RAPHAEL INC,100.0,"['cd1978/entry/1978_Page_100 (2)_14.png', 'cd1978/entry/1978_Page_100 (2)_15.png', 'cd1978/entry/1978_Page_100 (2)_16.png']",INSURANCE AGENTS—CONTD,"PAOLA RAPHAEL INC 687 Park Av (Cranston, 02910), Tel 781-6060 (See Index To Advertisers)"
117,4682,7500 JOHNSON ST,PROVIDENCE,VARIABLE ANNUITY LIFE,"ALLENDALE INSURANCE Allendale Park, PO Box",83.5,"['cd1978/entry/1978_Page_100 (2)_39.png', 'cd1978/entry/1978_Page_100 (2)_40.png', 'cd1978/entry/1978_Page_100 (2)_41.png']",VARIABLE ANNUITY LIFE,"ALLENDALE INSURANCE Allendale Park, PO Box 7500 Johnston R I (02919) Tel 275-3000"
118,4683,7500 JOHNSON ST,PROVIDENCE,VARIABLE ANNUITY LIFE,"ALLENDALE MUTUAL INSURANCE CO Allendale Park, PO Box",83.5,"['cd1978/entry/1978_Page_100 (2)_42.png', 'cd1978/entry/1978_Page_100 (2)_43.png', 'cd1978/entry/1978_Page_100 (2)_44.png']",VARIABLE ANNUITY LIFE,"ALLENDALE MUTUAL INSURANCE CO Allendale Park, PO Box 7500 Johnston R I (02919) Tel 275-3000"
119,4703,38 NORTH K ST,PROVIDENCE,INTERIOR DECORATORS AND DESIGNERS,Pearlman Eleanor Mrs,87.5,['cd1978/entry/1978_Page_100 (3)_26.png'],INTERIOR DECORATORS AND DESIGNERS,Pearlman Eleanor Mrs 38 N Court St
120,4713,36 KENNEDY PLZ,PROVIDENCE,INVESTIGATORS,M & S Investigators & Securities Inc,96.0,"['cd1978/entry/1978_Page_100 (3)_38.png', 'cd1978/entry/1978_Page_100 (3)_39.png']",INVESTIGATORS,M & S Investigators & Securities Inc 36 Kennedy Plaza Rm 400
121,4788,1389 MATHEWSON ST,PROVIDENCE,JEWELERS,Carlton Jewelers,100.0,['cd1978/entry/1978_Page_101 (1)_77.png'],JEWELERS,Carlton Jewelers 1389 Mathewson St Rm 203
122,5021,47 CULVER ST,PROVIDENCE,jewelERS-MFG,Highland Mfg Inc,100.0,['cd1978/entry/1978_Page_102 (1)_59.png'],JEWELERS—MFG—CONTD,Highland Mfg Inc 47 Culver St
123,5078,58 PENN ST,PROVIDENCE,jewelERS-MFG,Mastro Jewelry Co Inc,100.0,['cd1978/entry/1978_Page_102 (2)_34.png'],JEWELERS—MFG—CONTD,Mastro Jewelry Co Inc 58 Penn St
124,5160,800 WATERMAN AVE,PROVIDENCE,Jewelers' Supplies,"BALLOU B A & CO INC Jewelers’ Findings,",100.0,"['cd1978/entry/1978_Page_102 (3)_54.png', 'cd1978/entry/1978_Page_102 (3)_55.png', 'cd1978/entry/1978_Page_102 (3)_56.png', 'cd1978/entry/1978_Page_102 (3)_57.png']",JEWELERS’ SUPPLIES,"BALLOU B A & CO INC Jewelers’ Findings, 800 Waterman Av (East Providence, 02914), Tel (401) 438-7000 (See Index To Advertisers)"
125,5162,30 OLNEYVILLE SQ,PROVIDENCE,Jewelers' Supplies,C A C Soldering Inc,100.0,['cd1978/entry/1978_Page_102 (3)_59.png'],JEWELERS’ SUPPLIES,C A C Soldering Inc 30 Olneyville Sq Rm 8
126,5181,88 SPECTACLE ST,PROVIDENCE,Jewelers' Supplies,TECHNIC INC Gold Plating Solutions Main Plant And Office,100.0,"['cd1978/entry/1978_Page_102 (3)_85.png', 'cd1978/entry/1978_Page_102 (3)_86.png', 'cd1978/entry/1978_Page_102 (3)_87.png', 'cd1978/entry/1978_Page_102 (3)_88.png', 'cd1978/entry/1978_Page_102 (3)_89.png', 'cd1978/entry/1978_Page_102 (3)_90.png']",JEWELERS’ SUPPLIES,"TECHNIC INC Gold Plating Solutions Main Plant And Office 88 Spectacle St (Cranston, 02910), Mailing Address PO Box 965 (Providence, R I 02901), Tel 781-6100 (See Index To Advertisers)"
127,5186,12 DESOTO ST,PROVIDENCE,JEWELRY BURNISHERS,Ace Polishing Rear,87.5,['cd1978/entry/1978_Page_103 (1)_10.png'],JEWELRY BURNISHERS,Ace Polishing Rear 12 De Soto St
128,5187,974 DE PASQUALE AVE,PROVIDENCE,JEWELRY BURNISHERS,Aglione’s Polishing Co,100.0,['cd1978/entry/1978_Page_103 (1)_11.png'],JEWELRY BURNISHERS,Aglione’s Polishing Co 974% De Pasquale Av
129,5265,36 OLNEYVILLE SQ,PROVIDENCE,Jewelry Mfrs,Emen Soldering,100.0,['cd1978/entry/1978_Page_103 (2)_7.png'],JEWELRY MFRS—CONTD,Emen Soldering 36 Olneyville Sq Rm 7
130,5315,16 BISHOP HILL RD,PROVIDENCE,Jewelry Mfrs,Marley Hall Co Inc,85.5,['cd1978/entry/1978_Page_103 (2)_72.png'],JEWELRY MFRS—CONTD,Marley Hall Co Inc 16 Bishop St
131,5332,30 OLNEYVILLE SQ,PROVIDENCE,Jewelry Mfrs,Prim-Craft Mfg Co,100.0,['cd1978/entry/1978_Page_103 (3)_3.png'],JEWELRY MFRS—CONTD,Prim-Craft Mfg Co 30 Olneyville Sq Rm 6
132,5408,1 RANDALL SQ,PROVIDENCE,LABORATORIES,Brain Diagnostic Laboratory,83.5,"['cd1978/entry/1978_Page_104 (1)_21.png', 'cd1978/entry/1978_Page_104 (1)_22.png']",LABORATORIES,Brain Diagnostic Laboratory 1 Randall Sq — Suite 407
133,5416,1 RANDALL SQ,PROVIDENCE,LABORATORIES,Health Test Center Inc,83.5,['cd1978/entry/1978_Page_104 (1)_36.png'],LABORATORIES,Health Test Center Inc 1 Randall Sq Suite 102
134,5438,36 KENNEDY PLZ,PROVIDENCE,Land Companies,Tingley Land Co Inc,96.0,"['cd1978/entry/1978_Page_104 (2)_9.png', 'cd1978/entry/1978_Page_104 (2)_10.png']",LAND COMPANIES,Tingley Land Co Inc 36 Kennedy Plaza Rm 514
135,5600,1309 TURKS HEAD PL,PROVIDENCE,Lawyers,Day Edward W Jr,93.0,"['cd1978/entry/1978_Page_105 (1)_74.png', 'cd1978/entry/1978_Page_105 (1)_75.png']",LAWYERS—CONTD,"Day Edward W Jr 1309 Turks Head Bldg, (02903), Tel 421-5927."
136,5632,32 WESTMINSTER ST,PROVIDENCE,Lawyers,Friedman Edw I,100.0,['cd1978/entry/1978_Page_105 (2)_37.png'],LAWYERS—CONTD,Friedman Edw I 32 Westminster St Rm 200
137,5636,1309 TURKS HEAD PL,PROVIDENCE,Lawyers,Gardner Sawyer Cottam Gates Day & Sloan,93.0,"['cd1978/entry/1978_Page_105 (2)_42.png', 'cd1978/entry/1978_Page_105 (2)_43.png', 'cd1978/entry/1978_Page_105 (2)_44.png']",LAWYERS—CONTD,"Gardner Sawyer Cottam Gates Day & Sloan 1309 Turks Head Bldg, (02903), Tel 421- 5927"
138,5638,1309 TURKS HEAD PL,PROVIDENCE,Lawyers,Gates Robert B,93.0,"['cd1978/entry/1978_Page_105 (2)_46.png', 'cd1978/entry/1978_Page_105 (2)_47.png']",LAWYERS—CONTD,"Gates Robert B 1309 Turks Head Bldg, (02903), Tel 421-5927"
139,5647,36 KENNEDY PLZ,PROVIDENCE,Lawyers,Goldberg & Goldberg,96.0,"['cd1978/entry/1978_Page_105 (2)_63.png', 'cd1978/entry/1978_Page_105 (2)_64.png']",LAWYERS—CONTD,Goldberg & Goldberg 36 Kennedy Plaza Rm 514
140,5668,32 WESTMINSTER ST,PROVIDENCE,Lawyers,Hogan & Hogan,100.0,['cd1978/entry/1978_Page_105 (3)_7.png'],LAWYERS—CONTD,Hogan & Hogan 32 Westminster St Rm 500
141,5679,1309 TURKS HEAD PL,PROVIDENCE,Lawyers,Kelaghan Richard P,93.0,"['cd1978/entry/1978_Page_105 (3)_26.png', 'cd1978/entry/1978_Page_105 (3)_27.png']",LAWYERS—CONTD,"Kelaghan Richard P 1309 Turks Head Bldg, Tel 421-6927"
142,5801,1309 TURKS HEAD PL,PROVIDENCE,Lawyers,Sawyer Ada L,93.0,"['cd1978/entry/1978_Page_106 (2)_24.png', 'cd1978/entry/1978_Page_106 (2)_25.png']",LAWYERS—CONTD,"Sawyer Ada L 1309 Turks Head Bldg, (02903), Tel 421-5927"
143,5810,1309 TURKS HEAD PL,PROVIDENCE,Lawyers,Sloan James M III,93.0,"['cd1978/entry/1978_Page_106 (2)_41.png', 'cd1978/entry/1978_Page_106 (2)_42.png']",LAWYERS—CONTD,"Sloan James M III 1309 Turks Head Bldg, (02903), Tel 421-5927"
144,5824,32 WESTMINSTER ST,PROVIDENCE,Lawyers,Thrifty Two Westminster Assoc,100.0,"['cd1978/entry/1978_Page_106 (2)_63.png', 'cd1978/entry/1978_Page_106 (2)_64.png']",LAWYERS—CONTD,Thrifty Two Westminster Assoc 32 Westminster St Rm 600
145,5867,283 COUNTY ST,PROVIDENCE,Libraries,BARRINGTON PUBLIC LIBRARY,100.0,"['cd1978/entry/1978_Page_106 (3)_40.png', 'cd1978/entry/1978_Page_106 (3)_41.png', 'cd1978/entry/1978_Page_106 (3)_42.png']",LIBRARIES,"BARRINGTON PUBLIC LIBRARY 283 County Rd (Barrington, R I 02806) Tel 245-3106"
146,5869, BROWN ST,PROVIDENCE,Libraries,Brown John Carter Americana Library,100.0,"['cd1978/entry/1978_Page_106 (3)_45.png', 'cd1978/entry/1978_Page_106 (3)_46.png']",LIBRARIES,Brown John Carter Americana Library Brown St
147,5874,1 MEMORIAL AVE,PROVIDENCE,UNIVERSITY OF RHODE ISLAND,MARIAN J MOHR MEMORIAL LIBRARY,100.0,"['cd1978/entry/1978_Page_106 (3)_56.png', 'cd1978/entry/1978_Page_106 (3)_57.png', 'cd1978/entry/1978_Page_106 (3)_58.png', 'cd1978/entry/1978_Page_106 (3)_59.png']",UNIVERSITY OF RHODE ISLAND,"MARIAN J MOHR MEMORIAL LIBRARY 1 Memorial Av (Corner Atwood Av) (Johnston; 02919), Tel 231-4980"
148,5881,12 OLNEYVILLE SQ,PROVIDENCE,UNIVERSITY OF RHODE ISLAND,Providence Public Library (Olneyville Branch),100.0,"['cd1978/entry/1978_Page_106 (3)_70.png', 'cd1978/entry/1978_Page_106 (3)_71.png']",UNIVERSITY OF RHODE ISLAND,Providence Public Library (Olneyville Branch) 12 Olneyville Sq
149,5889,400 EAST ST,PROVIDENCE,UNIVERSITY OF RHODE ISLAND,RHODE ISLAND JUNIOR COLLEGE LIBRARY,100.0,"['cd1978/entry/1978_Page_106 (3)_86.png', 'cd1978/entry/1978_Page_106 (3)_87.png', 'cd1978/entry/1978_Page_106 (3)_88.png']",UNIVERSITY OF RHODE ISLAND,RHODE ISLAND JUNIOR COLLEGE LIBRARY 400 East Av (Warwick 02886) Tel 825-2218
150,5899,1 WAYLAND SQ,PROVIDENCE,LINENS-RETAIL,Robinson Mrs,100.0,['cd1978/entry/1978_Page_107 (1)_43.png'],LINENS—RETAIL,Robinson Mrs 1 Wayland Sq
151,5978,144 MARVIN ST,PROVIDENCE,LOANS—BUSINESS,WOONSOCKET INSTITUTION FOR SAVINGS AND TRUST,84.0,"['cd1978/entry/1978_Page_107 (2)_64.png', 'cd1978/entry/1978_Page_107 (2)_65.png', 'cd1978/entry/1978_Page_107 (2)_66.png', 'cd1978/entry/1978_Page_107 (2)_67.png', 'cd1978/entry/1978_Page_107 (2)_68.png', 'cd1978/entry/1978_Page_107 (2)_69.png', 'cd1978/entry/1978_Page_107 (2)_70.png', 'cd1978/entry/1978_Page_107 (2)_71.png', 'cd1978/entry/1978_Page_107 (2)_72.png']",*LOANS—BUSINESS,"WOONSOCKET INSTITUTION FOR SAVINGS AND TRUST 144 Main St (Woonsocket, 02895), Tel 521-3500 1414 Atwood Av (Johnston; 02919), Tel 521-3500, 440 Putnam Pike Greenville, 02828), Tel 949-1410 2060 Diamond Hill Rd (Cumberland 02864), Tel 726- 3610, 1975 Mendon Rd (Cumberland 02864), Tel 338-1975 (See Index To"
152,5997,30 OLNEYVILLE SQ,PROVIDENCE,LUGGAGE-DEALERS AND REPAIRERS,J & R Feinstein Inc,100.0,['cd1978/entry/1978_Page_107 (3)_43.png'],LUGGAGE—DEALERS AND REPAIRERS,J & R Feinstein Inc 30 Olneyville Sq
153,6042,11 CULVER ST,PROVIDENCE,Machinists,L D R Tool Co Inc,100.0,['cd1978/entry/1978_Page_108 (1)_45.png'],MACHINISTS,L D R Tool Co Inc 11 Culver St
154,6050,36 KENNEDY PLZ,PROVIDENCE,MAIL ADVERTISING,BAKER WM F CO INC,96.0,"['cd1978/entry/1978_Page_108 (1)_61.png', 'cd1978/entry/1978_Page_108 (1)_62.png', 'cd1978/entry/1978_Page_108 (1)_63.png']",*MAIL ADVERTISING,"BAKER WM F CO INC 36 Kennedy . Plaza Rm 206 (Providence RI; 02903), Tel 421-6369"
155,6154,116 CALVERLY ST,PROVIDENCE,Mill Supplies,Hanson Tool & Supply Co Inc,95.0,"['cd1978/entry/1978_Page_109 (1)_29.png', 'cd1978/entry/1978_Page_109 (1)_30.png']",- MILL SUPPLIES,Hanson Tool & Supply Co Inc 116 Calverley St
156,6172,144 MARVIN ST,PROVIDENCE,Mortgage Loans,WOONSOCKET INSTITUTION FOR SAVINGS AND TRUST,84.0,"['cd1978/entry/1978_Page_109 (2)_15.png', 'cd1978/entry/1978_Page_109 (2)_16.png', 'cd1978/entry/1978_Page_109 (2)_17.png', 'cd1978/entry/1978_Page_109 (2)_18.png', 'cd1978/entry/1978_Page_109 (2)_19.png', 'cd1978/entry/1978_Page_109 (2)_20.png', 'cd1978/entry/1978_Page_109 (2)_21.png', 'cd1978/entry/1978_Page_109 (2)_22.png', 'cd1978/entry/1978_Page_109 (2)_23.png']",MORTGAGE LOANS—CONTD COLUMBUS NATIONAL BANK OF RHODE ISLAND—CONTD,"WOONSOCKET INSTITUTION FOR SAVINGS AND TRUST 144 Main St (Woonsocket, 02895), Tel 521-3500 1414 Atwood Av (Johnston; 02919), Tel 521-3500, 440 Putnam Pike Greenville, 02828), Tel 949-1410 2060 Diamond Hill Rd (Cumberland 02864,, Tel 726- 3610, 1975 Mendon Rd (Cumberland 02864), Tel 338-1975 (See Index To"
157,6191,278 MILLER AVE,PROVIDENCE,MUSEUMS,Roger Williams Park Museum,100.0,['cd1978/entry/1978_Page_109 (2)_69.png'],MUSEUMS,Roger Williams Park Museum 278 Miller Av
158,6197,45 OLNEYVILLE SQ,PROVIDENCE,MUSIC AND MUSICAL INSTRUMENT DEALERS,Le Ber Music Store,100.0,['cd1978/entry/1978_Page_109 (2)_78.png'],MUSIC AND MUSICAL INSTRUMENT DEALERS,Le Ber Music Store 45 Olneyville Sq
159,6302,15 JEFFERSON ST,PROVIDENCE,Nurses,Mc Elroy Anna,100.0,['cd1978/entry/1978_Page_110 (1)_63.png'],NURSES,Mc Elroy Anna 15 Jefferson St Apt 4
160,6318,15 CHERRY ST,PROVIDENCE,NURSING HOMES,Price Nursing Home Inc,100.0,['cd1978/entry/1978_Page_110 (1)_87.png'],NURSING HOMES,Price Nursing Home Inc 15 Cherry St
161,6383,7 WOODLAND ST,PROVIDENCE,OPTICAL GOODS— WHOLESALE,Ocean State Optical Co Inc,100.0,['cd1978/entry/1978_Page_110 (3)_39.png'],OPTICAL GOODS— WHOLESALE,Ocean State Optical Co Inc 7 Woodland St
162,6426,49 OLNEYVILLE SQ,PROVIDENCE,Optometrists,Greenberg Allen G,100.0,['cd1978/entry/1978_Page_110 (3)_90.png'],OPTOMETRISTS,Greenberg Allen G 49 Olneyville Sq
163,6439,22 OLNEYVILLE SQ,PROVIDENCE,Optometrists,Simmler Conrad C,100.0,['cd1978/entry/1978_Page_111 (1)_14.png'],OPTOMETRISTS—CONTD,Simmler Conrad C 22 Olneyville Sq
164,6477,1 RANDALL SQ,PROVIDENCE,"ORGANIZATIONS-BUSINESS, CIVIC AND PROFESSIONAL",Diet Counseling Service,83.5,"['cd1978/entry/1978_Page_111 (1)_85.png', 'cd1978/entry/1978_Page_111 (1)_86.png']","ORGANIZATIONS—BUSINESS, CIVIC AND PROFESSIONAL",Diet Counseling Service 1 Randall Sq Suite 308
165,6538,12 NORTH HOWARD AVE,PROVIDENCE,"ORGANIZATIONS-BUSINESS, CIVIC AND PROFESSIONAL",Warwick Chamber Of Commerce,81.0,"['cd1978/entry/1978_Page_111 (2)_102.png', 'cd1978/entry/1978_Page_111 (2)_103.png']","ORGANIZATIONS—BUSINESS, CIVIC AND PROFESSIONAL—CONTD",Warwick Chamber Of Commerce 12th FI Howard Bldg
166,6563,36 OLNEYVILLE SQ,PROVIDENCE,TEXTILE WORKERS UNION ,Junction Human Serv Corp (Overflow),100.0,"['cd1978/entry/1978_Page_111 (3)_53.png', 'cd1978/entry/1978_Page_111 (3)_54.png']",TEXTILE WORKERS UNION A F L-,Junction Human Serv Corp (Overflow) 36 Olneyville Sq Rm 3
167,6736,125 CHARLES ST,PROVIDENCE,ORGANIZATIONS-YOUTH,Girl Scouts Of Rhode Island Inc,100.0,"['cd1978/entry/1978_Page_112 (3)_86.png', 'cd1978/entry/1978_Page_112 (3)_87.png']",ORGANIZATIONS—YOUTH,Girl Scouts Of Rhode Island Inc 125 Charles St
168,6747,28 DESOTO ST,PROVIDENCE,"PACKAGING, CRATING AND SHIPPING",New Co The,87.5,['cd1978/entry/1978_Page_113 (1)_13.png'],"PACKAGING, CRATING AND SHIPPING",New Co The 28 De Soto St
169,6768,100 BOYD ST,PROVIDENCE,Copper Dealers,PROVIDENVE PAPER CO,100.0,"['cd1978/entry/1978_Page_113 (1)_70.png', 'cd1978/entry/1978_Page_113 (1)_71.png', 'cd1978/entry/1978_Page_113 (1)_72.png', 'cd1978/entry/1978_Page_113 (1)_73.png']",PAPER DEALERS,"PROVIDENVE PAPER CO 100 Boyd Av (East Providence 02914), Tel 438-7300 (See Index To Advertisers)"
170,6779,35 PATERSON ST,PROVIDENCE,PARKS AND PLAYGROUNDS,Blackstone Park,100.0,['cd1978/entry/1978_Page_113 (2)_22.png'],PARKS AND PLAYGROUNDS,Blackstone Park 35 Paterson St
171,6790,100 EAST TRANSIT ST,PROVIDENCE,PARKS AND PLAYGROUNDS,Fox Point Memorial Veterans Park,100.0,"['cd1978/entry/1978_Page_113 (2)_37.png', 'cd1978/entry/1978_Page_113 (2)_38.png']",PARKS AND PLAYGROUNDS,Fox Point Memorial Veterans Park 100 E Transit St
172,6791,100 FREMONT ST,PROVIDENCE,PARKS AND PLAYGROUNDS,Fox Point Veterans Memorial Field,100.0,"['cd1978/entry/1978_Page_113 (2)_39.png', 'cd1978/entry/1978_Page_113 (2)_40.png']",PARKS AND PLAYGROUNDS,Fox Point Veterans Memorial Field 100 Fremont St
173,6836,19 OLNEYVILLE SQ,PROVIDENCE,PHARMACIES,Armory Pharmacy,100.0,['cd1978/entry/1978_Page_113 (3)_30.png'],PHARMACIES,Armory Pharmacy 19 Olneyville Sq
174,6839,1 RANDALL SQ,PROVIDENCE,PHARMACIES,Moshassucket Prescription & Surgical Center Inc,83.5,"['cd1978/entry/1978_Page_113 (3)_40.png', 'cd1978/entry/1978_Page_113 (3)_41.png']",PHARMACIES,Moshassucket Prescription & Surgical Center Inc 1 Randall Sq Suite 103
175,6951,1 RANDALL SQ,PROVIDENCE,PHYSICIANS AND SURGEONS-M.D.,Cardiovascular & Thoracic Associates Inc,83.5,"['cd1978/entry/1978_Page_114 (2)_25.png', 'cd1978/entry/1978_Page_114 (2)_26.png']",PHYSICIANS AND SURGEONS—M.D. CONTD,Cardiovascular & Thoracic Associates Inc 1 Randall Sq Suite 408
176,6969,1 RANDALL SQ,PROVIDENCE,PHYSICIANS AND SURGEONS-M.D.,Conklin Frances P,83.5,['cd1978/entry/1978_Page_114 (2)_45.png'],PHYSICIANS AND SURGEONS—M.D. CONTD,Conklin Frances P 1 Randall Sq Suite 101
177,6985,314 ANGELICO ST,PROVIDENCE,PHYSICIANS AND SURGEONS-M.D.,Curran Alton J,88.0,['cd1978/entry/1978_Page_114 (2)_63.png'],PHYSICIANS AND SURGEONS—M.D. CONTD,Curran Alton J 314 Angeli St
178,6986,1 RANDALL SQ,PROVIDENCE,PHYSICIANS AND SURGEONS-M.D.,Curran Robt L,83.5,['cd1978/entry/1978_Page_114 (2)_64.png'],PHYSICIANS AND SURGEONS—M.D. CONTD,Curran Robt L 1 Randall Sq Suite 310
179,6997,1 RANDALL SQ,PROVIDENCE,PHYSICIANS AND SURGEONS-M.D.,Diabetes & Endocrinology Associates Inc,83.5,"['cd1978/entry/1978_Page_114 (2)_79.png', 'cd1978/entry/1978_Page_114 (2)_80.png']",PHYSICIANS AND SURGEONS—M.D. CONTD,Diabetes & Endocrinology Associates Inc 1 Randall Sq Suite 402
180,7018,1 RANDALL SQ,PROVIDENCE,PHYSICIANS AND SURGEONS-M.D.,Falcao Manoel! A,83.5,['cd1978/entry/1978_Page_114 (2)_101.png'],PHYSICIANS AND SURGEONS—M.D. CONTD,Falcao Manoel! A 1 Randall Sq Suite 204
181,7022,1 RANDALL SQ,PROVIDENCE,PHYSICIANS AND SURGEONS-M.D.,Feldman Martin P,83.5,['cd1978/entry/1978_Page_114 (2)_105.png'],PHYSICIANS AND SURGEONS—M.D. CONTD,Feldman Martin P 1 Randall Sq Suite 414
182,7028,1 RANDALL SQ,PROVIDENCE,PHYSICIANS AND SURGEONS-M.D.,Fleisig Norbert,83.5,['cd1978/entry/1978_Page_114 (3)_7.png'],PHYSICIANS AND SURGEONS—M.D. CONTD,Fleisig Norbert 1 Randall Sq Suite 304
183,7040,1 RANDALL SQ,PROVIDENCE,PHYSICIANS AND SURGEONS-M.D.,Gastroenterology Associates Inc,83.5,"['cd1978/entry/1978_Page_114 (3)_19.png', 'cd1978/entry/1978_Page_114 (3)_20.png']",PHYSICIANS AND SURGEONS—M.D. CONTD,Gastroenterology Associates Inc 1 Randall Sq Suite 305
184,7066,1 RANDALL SQ,PROVIDENCE,PHYSICIANS AND SURGEONS-M.D.,Hillegass Ronald C,83.5,['cd1978/entry/1978_Page_114 (3)_52.png'],PHYSICIANS AND SURGEONS—M.D. CONTD,Hillegass Ronald C 1 Randall Sq Suite 208
185,7082,1 RANDALL SQ,PROVIDENCE,PHYSICIANS AND SURGEONS-M.D.,Issenberg Steven A,83.5,['cd1978/entry/1978_Page_114 (3)_74.png'],PHYSICIANS AND SURGEONS—M.D. CONTD,Issenberg Steven A 1 Randall Sq Suite 206
186,7083,1 RANDALL SQ,PROVIDENCE,PHYSICIANS AND SURGEONS-M.D.,Izeman Henry F,83.5,['cd1978/entry/1978_Page_114 (3)_75.png'],PHYSICIANS AND SURGEONS—M.D. CONTD,Izeman Henry F 1 Randall Sq Suite 310
187,7095,1 RANDALL SQ,PROVIDENCE,PHYSICIANS AND SURGEONS-M.D.,Khodarahmi Khodarahm,83.5,"['cd1978/entry/1978_Page_114 (3)_87.png', 'cd1978/entry/1978_Page_114 (3)_88.png']",PHYSICIANS AND SURGEONS—M.D. CONTD,Khodarahmi Khodarahm 1 Randall Sq Suite 101
188,7099,1 RANDALL SQ,PROVIDENCE,PHYSICIANS AND SURGEONS-M.D.,Kitzes David L,83.5,['cd1978/entry/1978_Page_114 (3)_92.png'],PHYSICIANS AND SURGEONS—M.D. CONTD,Kitzes David L 1 Randall Sq Suite 307
189,7147,1 RANDALL SQ,PROVIDENCE,PHYSICIANS AND SURGEONS-M.D.,Medical Specialists Inc,100.0,['cd1978/entry/1978_Page_115 (1)_41.png'],PHYSICIANS AND SURGEONS—M.D. CONTD,Medical Specialists Inc 1 Randall Sq Rm 306
190,7175,1 RANDALL SQ,PROVIDENCE,PHYSICIANS AND SURGEONS-M.D.,Ob-Gyn Associates Inc,83.5,['cd1978/entry/1978_Page_115 (1)_74.png'],PHYSICIANS AND SURGEONS—M.D. CONTD,Ob-Gyn Associates Inc 1 Randall Sq Suite 205
191,7199,1 RANDALL SQ,PROVIDENCE,PHYSICIANS AND SURGEONS-M.D.,Providence Psychiatric Associates Ltd,83.5,"['cd1978/entry/1978_Page_115 (1)_104.png', 'cd1978/entry/1978_Page_115 (1)_105.png']",PHYSICIANS AND SURGEONS—M.D. CONTD,Providence Psychiatric Associates Ltd 1 Randall Sq Suite 403
192,7204,1 RANDALL SQ,PROVIDENCE,PHYSICIANS AND SURGEONS-M.D.,Randal! Surgical Group Inc,83.5,"['cd1978/entry/1978_Page_115 (2)_6.png', 'cd1978/entry/1978_Page_115 (2)_7.png']",PHYSICIANS AND SURGEONS—M.D. CONTD,Randal! Surgical Group Inc 1 Randall Sq Suite 406
193,7214,1 RANDALL SQ,PROVIDENCE,PHYSICIANS AND SURGEONS-M.D.,Rhode Island Plastic Surgeons Inc,83.5,"['cd1978/entry/1978_Page_115 (2)_18.png', 'cd1978/entry/1978_Page_115 (2)_19.png']",PHYSICIANS AND SURGEONS—M.D. CONTD,Rhode Island Plastic Surgeons Inc 1 Randall Sq Suite 401
194,7216,1 RANDALL SQ,PROVIDENCE,PHYSICIANS AND SURGEONS-M.D.,Richardson Roger,83.5,['cd1978/entry/1978_Page_115 (2)_22.png'],PHYSICIANS AND SURGEONS—M.D. CONTD,Richardson Roger 1 Randall Sq Suite 302
195,7231,32 WOONASQUATUCKET AV,PROVIDENCE,PHYSICIANS AND SURGEONS-M.D.,Ruggiano John R,100.0,['cd1978/entry/1978_Page_115 (2)_41.png'],PHYSICIANS AND SURGEONS—M.D. CONTD,Ruggiano John R 32 Woonasquatucket Av
196,7239,1 RANDALL SQ,PROVIDENCE,PHYSICIANS AND SURGEONS-M.D.,Saltzman Abr,83.5,['cd1978/entry/1978_Page_115 (2)_50.png'],PHYSICIANS AND SURGEONS—M.D. CONTD,Saltzman Abr 1 Randall Sq Suite 307
197,7253,1 RANDALL SQ,PROVIDENCE,PHYSICIANS AND SURGEONS-M.D.,Selverstone Bertram,83.5,['cd1978/entry/1978_Page_115 (2)_67.png'],PHYSICIANS AND SURGEONS—M.D. CONTD,Selverstone Bertram 1 Randall Sq Suite 201
198,7259,1 RANDALL SQ,PROVIDENCE,PHYSICIANS AND SURGEONS-M.D.,Shammas Elia M D Inc,83.5,"['cd1978/entry/1978_Page_115 (2)_73.png', 'cd1978/entry/1978_Page_115 (2)_74.png']",PHYSICIANS AND SURGEONS—M.D. CONTD,Shammas Elia M D Inc 1 Randall Sq Suite 302
199,7287,1 RANDALL SQ,PROVIDENCE,PHYSICIANS AND SURGEONS-M.D.,Surgeons Inc,83.5,['cd1978/entry/1978_Page_115 (3)_3.png'],PHYSICIANS AND SURGEONS—M.D. CONTD,Surgeons Inc 1 Randall Sq Suite 202
200,7302,1 RANDALL SQ,PROVIDENCE,PHYSICIANS AND SURGEONS-M.D.,Triedman M Howard,83.5,['cd1978/entry/1978_Page_115 (3)_18.png'],PHYSICIANS AND SURGEONS—M.D. CONTD,Triedman M Howard 1 Randall Sq Suite 207
201,7303,1 RANDALL SQ,PROVIDENCE,PHYSICIANS AND SURGEONS-M.D.,Triedman Ruth E Mrs,83.5,['cd1978/entry/1978_Page_115 (3)_19.png'],PHYSICIANS AND SURGEONS—M.D. CONTD,Triedman Ruth E Mrs 1 Randall Sq Suite 207
202,7304,1 RANDALL SQ,PROVIDENCE,PHYSICIANS AND SURGEONS-M.D.,Triedman & Triedman M D Inc,83.5,"['cd1978/entry/1978_Page_115 (3)_20.png', 'cd1978/entry/1978_Page_115 (3)_21.png']",PHYSICIANS AND SURGEONS—M.D. CONTD,Triedman & Triedman M D Inc 1 Randall Sq ' Suite 207
203,7307,1 RANDALL SQ,PROVIDENCE,PHYSICIANS AND SURGEONS-M.D.,Urbaniak Henry S Jr M D Inc,83.5,"['cd1978/entry/1978_Page_115 (3)_24.png', 'cd1978/entry/1978_Page_115 (3)_25.png']",PHYSICIANS AND SURGEONS—M.D. CONTD,Urbaniak Henry S Jr M D Inc 1 Randall Sq Suite 208
204,7396,12 DESOTO ST,PROVIDENCE,(ELECTROPLATERS OF NON,Fabian Polishing Co Rear,87.5,['cd1978/entry/1978_Page_116 (1)_80.png'],(ELECTROPLATERS OF NON-,Fabian Polishing Co Rear 12 De Soto St
205,7407,30 DESOTO ST,PROVIDENCE,PLATERS,Lutone Plating Co,87.5,['cd1978/entry/1978_Page_116 (2)_14.png'],PLATERS—CONTD,Lutone Plating Co 30 De Soto St
206,7438,88 SPECTACLE ST,PROVIDENCE,SUPPLIES AND EQUIPMENT,TECHNIC INC Main Plant And Office,100.0,"['cd1978/entry/1978_Page_116 (2)_65.png', 'cd1978/entry/1978_Page_116 (2)_66.png', 'cd1978/entry/1978_Page_116 (2)_67.png', 'cd1978/entry/1978_Page_116 (2)_68.png', 'cd1978/entry/1978_Page_116 (2)_69.png']",PLATERS’ SUPPLIES AND EQUIPMENT,"TECHNIC INC Main Plant And Office 88 Spectacle St (Cranston, 02910), Mailing Address PO Box 965, (Providence, R I 02901), Tel 781-6100 © (See Index To Advertisers)"
207,7439,129 WARREN AVE,PROVIDENCE,Plumbers,FORTIN W D PLUMBING HEATING SPRINKLER INC,100.0,"['cd1978/entry/1978_Page_116 (2)_71.png', 'cd1978/entry/1978_Page_116 (2)_72.png', 'cd1978/entry/1978_Page_116 (2)_73.png', 'cd1978/entry/1978_Page_116 (2)_74.png', 'cd1978/entry/1978_Page_116 (2)_75.png']",*PLUMBERS,"FORTIN W D PLUMBING HEATING SPRINKLER INC 129 Warren Av (Office 995 Main St) (Pawtucket; 02860), Tels 722-4711, 722-4712 And 722-4715 (See Index To Advertisers)"
208,7455,49 OLNEYVILLE SQ,PROVIDENCE,PODIATRISTS,Greenberg Melvin,100.0,['cd1978/entry/1978_Page_116 (3)_16.png'],PODIATRISTS,Greenberg Melvin 49 Olneyville Sq
209,7510,480 BENEFIT ST,PROVIDENCE,PRINTERS-BOOK AND COMMERCIAL,Dome Educational Aids Inc,100.0,['cd1978/entry/1978_Page_117 (1)_46.png'],PRINTERS—BOOK AND COMMERCIAL,Dome Educational Aids Inc 480 Benefit St
210,7557,20 DORR ST,PROVIDENCE,PRINTERS’ ROLLERS—MFRS,Crest Rubber Co,100.0,['cd1978/entry/1978_Page_117 (2)_6.png'],PRINTERS’ ROLLERS—MFRS,Crest Rubber Co 20 Dorr St
211,7592,480 BENEFIT ST,PROVIDENCE,PUBLISHERS,Dome Publishing Co,100.0,['cd1978/entry/1978_Page_117 (3)_13.png'],PUBLISHERS,Dome Publishing Co 480 Benefit St
212,7657,36 KENNEDY PLZ,PROVIDENCE,REAL ESTATE,Ballou Estates Inc,96.0,['cd1978/entry/1978_Page_118 (1)_51.png'],REAL ESTATE,Ballou Estates Inc 36 Kennedy Plaza Rm 514
213,7662,38 NORTH K ST,PROVIDENCE,REAL ESTATE,Beaver Realty,87.5,['cd1978/entry/1978_Page_118 (1)_57.png'],REAL ESTATE,Beaver Realty 38 N Court St
214,7694,270 COUNTY ST,PROVIDENCE,REAL ESTATE,CHILD REAL ESTATE INC,85.5,"['cd1978/entry/1978_Page_118 (2)_33.png', 'cd1978/entry/1978_Page_118 (2)_34.png', 'cd1978/entry/1978_Page_118 (2)_35.png']",REAL ESTATE—CONTD,"CHILD REAL ESTATE INC 270 County Road (Barrington, RI; 02806), Tel 245- 5151"
215,7736,888 RESERVOIR AVE,PROVIDENCE,REAL ESTATE,GAMWELL & INGRAHAM INC,90.5,"['cd1978/entry/1978_Page_118 (2)_91.png', 'cd1978/entry/1978_Page_118 (2)_92.png', 'cd1978/entry/1978_Page_118 (2)_93.png']",REAL ESTATE—CONTD,GAMWELL & INGRAHAM INC 888 Reservior Av (Cranston 02910) Tel 944-7900 (See Index To Advertisers)
216,7738,36 KENNEDY PLZ,PROVIDENCE,REAL ESTATE,Geneva Land Co Inc,96.0,"['cd1978/entry/1978_Page_118 (2)_96.png', 'cd1978/entry/1978_Page_118 (2)_97.png']",REAL ESTATE—CONTD,Geneva Land Co Inc 36 Kennedy Plaza Rm 514
217,7831,32 WESTMINSTER ST,PROVIDENCE,REAL ESTATE,Providence Commuters Inc,100.0,"['cd1978/entry/1978_Page_119 (1).chop_70.png', 'cd1978/entry/1978_Page_119 (1).chop_71.png']",REAL ESTATE—CONTD,Providence Commuters Inc 32 Westminster St Rm 600
218,7843,36 KENNEDY PLZ,PROVIDENCE,REAL ESTATE,Riker J Wilbur Real Estate,96.0,"['cd1978/entry/1978_Page_119 (1).chop_91.png', 'cd1978/entry/1978_Page_119 (1).chop_92.png']",REAL ESTATE—CONTD,Riker J Wilbur Real Estate 36 Kennedy Plaza Rm 500
219,7852,38 NORTH K ST,PROVIDENCE,REAL ESTATE,Rover Inc,87.5,['cd1978/entry/1978_Page_119 (1).chop_101.png'],REAL ESTATE—CONTD,Rover Inc 38 N Court St
220,7909,36 KENNEDY PLZ,PROVIDENCE,REAL ESTATE OWNERS AND DEALERS,Haverford Corp,96.0,['cd1978/entry/1978_Page_119 (2).chop_90.png'],REAL ESTATE OWNERS AND DEALERS,Haverford Corp 36 Kennedy Plaza Rm 500
221,8171,1 RANDALL SQ,PROVIDENCE,RESTAURANTS,Moshassuck Medical Center (Cafeteria),83.5,"['cd1978/entry/1978_Page_121 (1)_29.png', 'cd1978/entry/1978_Page_121 (1)_30.png']",RESTAURANTS—CONTD,Moshassuck Medical Center (Cafeteria) 1 Randall Sq Suite 104
222,8263,20 DORR ST,PROVIDENCE,RUBBER PRODUCTS—MFRS,CREST RUBBER CO,100.0,"['cd1978/entry/1978_Page_121 (2)_48.png', 'cd1978/entry/1978_Page_121 (2)_49.png']",RUBBER PRODUCTS—MFRS,"CREST RUBBER CO 20 Dorr St (02908), Tel 831-3242"
223,8268,98 ROLFE SQ,PROVIDENCE,RUBBER STAMPS AND SEALS,CENTRAL RUBBER STAMP WORKS,88.5,"['cd1978/entry/1978_Page_121 (2)_58.png', 'cd1978/entry/1978_Page_121 (2)_59.png', 'cd1978/entry/1978_Page_121 (2)_60.png']",RUBBER STAMPS AND SEALS,"CENTRAL RUBBER STAMP WORKS 98% Rolfe St (Cranston, 02910), Tel 467-3585 (See Index To Advertisers)"
224,8271,144 MARVIN ST,PROVIDENCE,LAW OFFICES,WOONSOCKET INSTITUTION FOR SAVINGS AND TRUST,84.0,"['cd1978/entry/1978_Page_121 (3)_19.png', 'cd1978/entry/1978_Page_121 (3)_20.png', 'cd1978/entry/1978_Page_121 (3)_21.png', 'cd1978/entry/1978_Page_121 (3)_22.png', 'cd1978/entry/1978_Page_121 (3)_23.png', 'cd1978/entry/1978_Page_121 (3)_24.png', 'cd1978/entry/1978_Page_121 (3)_25.png', 'cd1978/entry/1978_Page_121 (3)_26.png', 'cd1978/entry/1978_Page_121 (3)_27.png']",OFFICE,"WOONSOCKET INSTITUTION FOR SAVINGS AND TRUST 144 Main St (Woonsocket, 02895), Tel 521-3500 1414 Atwood Av (Johnston; 02919), Tel 521-3500, 440 Putnam Pike Greenville, 02828), Tel 949-1410 2060 Diamond Hill Rd (Cumberland 02864), Tel 726- 3610, 1975 Mendon Rd (Cumberland 02864), Tel 338-1975 (See Index To"
225,8273,2000 PLAINFIELD PIKE,PROVIDENCE,SAFETY DEVICES AND EQUIPMENT,NORTON COMPANY SAFETY PRODUCTS DIVISION,100.0,"['cd1978/entry/1978_Page_121 (3)_34.png', 'cd1978/entry/1978_Page_121 (3)_35.png', 'cd1978/entry/1978_Page_121 (3)_36.png', 'cd1978/entry/1978_Page_121 (3)_37.png']",SAFETY DEVICES AND EQUIPMENT,"NORTON COMPANY SAFETY PRODUCTS DIVISION 2000 Plainfield Pike (Cranston 02920), Tel 943-4400"
226,8332,14 THIRD AV,PROVIDENCE,SCHOOLS AND COLLEGES,RHODE ISLAND SCHOOL OF ELECTRONICS,100.0,"['cd1978/entry/1978_Page_122 (2)_31.png', 'cd1978/entry/1978_Page_122 (2)_32.png', 'cd1978/entry/1978_Page_122 (2)_33.png', 'cd1978/entry/1978_Page_122 (2)_34.png']",SCHOOLS AND COLLEGES—CONTD,"RHODE ISLAND SCHOOL OF ELECTRONICS 14 Third St (02906), Tel (401) 861-9664 (See Index To Advertisers)"
227,8369,70 ORCHARD LN,PROVIDENCE,SCHOOLS-PAROCHIAL,Temple Beth-El Religious School,100.0,"['cd1978/entry/1978_Page_122 (2)_90.png', 'cd1978/entry/1978_Page_122 (2)_91.png']",SCHOOLS—PAROCHIAL,Temple Beth-El Religious School 70 Orchard
228,8421,800 WATERMAN ST,PROVIDENCE,SCREW MACHINE PRODUCTS,BALLOU B A & CO INC,100.0,"['cd1978/entry/1978_Page_122 (3)_79.png', 'cd1978/entry/1978_Page_122 (3)_80.png', 'cd1978/entry/1978_Page_122 (3)_81.png', 'cd1978/entry/1978_Page_122 (3)_82.png']",SCREW MACHINE PRODUCTS,"BALLOU B A & CO INC 800 Waterman Av, (East Providence, 02914), Tel (401) 438-7000 (See Index To Advertisers)"
229,8427,14 FALES ST,PROVIDENCE,SCREW MACHINE PRODUCTS,Lusco Mfg Co Inc,100.0,['cd1978/entry/1978_Page_123 (1)_4.png'],SCREW MACHINE PRODUCTS—CONTD,Lusco Mfg Co Inc 14 Fales St
230,8517,40 ORIENTAL ST,PROVIDENCE,SHOW CASE MFRS,Royal Box & Display Co Inc,100.0,['cd1978/entry/1978_Page_123 (2)_79.png'],SHOW CASE MFRS,Royal Box & Display Co Inc 40 Oriental St
231,8540,1389 MATHEWSON ST,PROVIDENCE,SOCIAL SERVICE AGENCIES,Alcoholics Anonymous Assn (R I Central Services),100.0,"['cd1978/entry/1978_Page_123 (3)_29.png', 'cd1978/entry/1978_Page_123 (3)_30.png']",SOCIAL SERVICE AGENCIES,Alcoholics Anonymous Assn (R I Central Services) 1389 Mathewson St Rm 410
232,8603,98 ROLFE SQ,PROVIDENCE,STAMPS—RUBBER,CENTRAL RUBBER STAMP WORKS,88.5,"['cd1978/entry/1978_Page_124 (1)_51.png', 'cd1978/entry/1978_Page_124 (1)_52.png', 'cd1978/entry/1978_Page_124 (1)_53.png']",*STAMPS—RUBBER,"CENTRAL RUBBER STAMP WORKS 98% Rolfe St (Cranston, 02910), Tel 467-3585 (See Index To Advertisers)"
233,8675,36 KENNEDY PLZ,PROVIDENCE,TAILORS,Lembo Niciolas,96.0,['cd1978/entry/1978_Page_124 (3)_52.png'],TAILORS—CONTRACTING,Lembo Niciolas 36 Kennedy Plaza Rm 405
234,8712,19 LUONGO MEMORIAL SQ,PROVIDENCE,TAVERNS,Decature Bar,100.0,['cd1978/entry/1978_Page_125 (1)_27.png'],TAVERNS—CONTD,Decature Bar 19 Luongo Memorial Sq
235,8814,24 MASON AV,PROVIDENCE,Radio Broadcasting Stations,W 8S B E-TV CHANNEL 36,100.0,"['cd1978/entry/1978_Page_125 (2)_64.png', 'cd1978/entry/1978_Page_125 (2)_65.png']",TELEVISION BROADCASTING STATIONS,"W 8S B E-TV CHANNEL 36 24 Mason St (02903), Tel 831-2900"
236,8833,117 INDUSTRIAL DR,PROVIDENCE,Painters and Decorators,SCREEN PRINT CORP Rt,90.0,"['cd1978/entry/1978_Page_125 (3)_33.png', 'cd1978/entry/1978_Page_125 (3)_34.png']",TEXTILE PRINTERS AND DECORATORS,"SCREEN PRINT CORP Rt 117 Industrial Park (Coventry; 02816), Tel 828-4677"
237,8860,375 QUAKER RD,PROVIDENCE,TIRE DEALERS AND REPAIRING,JENNINGS BROS INC,85.5,"['cd1978/entry/1978_Page_125 (3)_72.png', 'cd1978/entry/1978_Page_125 (3)_73.png']",TIRE DEALERS AND REPAIRING,"JENNINGS BROS INC 375 Quaker Lane, (West Warwick, 02893), Tel 828-1220"
238,8907,1 WOODLAND ST,PROVIDENCE,TOOL MFRS AND DISTRIBUTORS,Riverpoint Tool Co Inc,100.0,['cd1978/entry/1978_Page_126 (1)_68.png'],TOOL MFRS AND DISTRIBUTORS,Riverpoint Tool Co Inc 1 Woodland St
239,8965,633 WASHINGTON ST,PROVIDENCE,DEALERS,GOLDMAN PAUL DODGE,100.0,"['cd1978/entry/1978_Page_126 (3)_21.png', 'cd1978/entry/1978_Page_126 (3)_22.png', 'cd1978/entry/1978_Page_126 (3)_23.png', 'cd1978/entry/1978_Page_126 (3)_24.png']",TRUCK DEALERS,"GOLDMAN PAUL DODGE 633 Washington St Rt 1 (S Attleboro Mass; 02703), Tel (617) 761-5200 (See Index To Advertisers)"
240,9014,36 KENNEDY PLZ,PROVIDENCE,TYPESETTING,Luzon Rita Snake Hill Studio,96.0,"['cd1978/entry/1978_Page_127 (1)_34.png', 'cd1978/entry/1978_Page_127 (1)_35.png']",TYPESETTING,Luzon Rita Snake Hill Studio 36 Kennedy Plaza Rm 204
241,9031,94 CALVERLY ST,PROVIDENCE,Upholsterers ,B I X Furniture Services Inc,95.0,['cd1978/entry/1978_Page_127 (1)_68.png'],UPHOLSTERERS,B I X Furniture Services Inc 94 Calverley St
242,9035,94 CALVERLY ST,PROVIDENCE,Upholsterers ,Furniture Restoration,95.0,['cd1978/entry/1978_Page_127 (1)_73.png'],UPHOLSTERERS,Furniture Restoration 94 Calverley St
243,9166,96 CALVERLY ST,PROVIDENCE,WELDERS AND BRAZERS,State Welding Co Inc,95.0,['cd1978/entry/1978_Page_128 (1)_41.png'],WELDERS AND BRAZERS,State Welding Co Inc 96 Calverley St
244,9203,1542 MARVIN ST,PROVIDENCE,WOODEN SPECIALTIES MFRS,RUSTICATED BEAMS INC ‘Only Makers Of 1976 Liberty Bell Trusses’,84.0,"['cd1978/entry/1978_Page_128 (3)_26.png', 'cd1978/entry/1978_Page_128 (3)_27.png', 'cd1978/entry/1978_Page_128 (3)_28.png', 'cd1978/entry/1978_Page_128 (3)_29.png']",*WOODEN SPECIALTIES MFRS,"RUSTICATED BEAMS INC ‘Only Makers Of 1976 Liberty Bell Trusses’ 1542 Main St (West Warwick 02893), Tel (401) 828-2688"
